seed,replicate,n_episodes,ar_coef,total_features,model_name,model_label,grouped_auc,grouped_brier,random_auc,random_brier,delta_cv,event_rate,n_obs,n_eff,rho_hat,avg_episode_size
0,0,20,0.0,5,logistic,Logistic Regression,0.7188160157209531,0.2189295079336102,0.7374846475067552,0.2041123929763687,0.018668631785802137,0.4348894348894349,407,32.95600268469191,0.5865529057843238,20.35
1,1,20,0.0,5,logistic,Logistic Regression,0.46883572567783083,0.27010032716411725,0.5347687400318979,0.24309044100449795,0.06593301435406707,0.4178272980501393,359,30.875219580189135,0.6269880631872093,17.95
2,2,20,0.0,5,logistic,Logistic Regression,0.5576563917397415,0.2508818641037271,0.5803169634122481,0.2391877404324882,0.02266057167250668,0.4372384937238494,478,63.828497493726196,0.2833544971707779,23.9
3,3,20,0.0,5,logistic,Logistic Regression,0.6058890794739851,0.23938755323265218,0.6364208118925101,0.23443775936848935,0.030531732418525026,0.5910780669144982,269,58.676687031380176,0.287907168031243,13.45
4,4,20,0.0,5,logistic,Logistic Regression,0.3283547727992172,0.2870014460308406,0.518547296325074,0.23721727574801302,0.1901925235258568,0.3704663212435233,386,52.399209595110584,0.34789744977272213,19.3
5,5,20,0.0,5,logistic,Logistic Regression,0.8304597701149425,0.1650931381416695,0.8603006189213087,0.1476154991197951,0.02984084880636617,0.4727272727272727,330,30.78800898191457,0.6269973297676105,16.5
6,6,20,0.0,5,logistic,Logistic Regression,0.6974658869395711,0.23185828343429313,0.693734335839599,0.22551125945609585,-0.0037315510999721413,0.49868073878627966,379,48.55256770329799,0.37916280385107565,18.95
7,7,20,0.0,5,logistic,Logistic Regression,0.5806295399515738,0.2435946634246683,0.5683667890338202,0.24406197348734215,-0.01226275091775364,0.423828125,512,69.34997902052524,0.2594651584036238,25.6
8,8,20,0.0,5,logistic,Logistic Regression,0.6568956611570248,0.23723728487110546,0.7149728822314049,0.21569330695286448,0.05807722107438007,0.5,352,40.886456179391196,0.4583860157994381,17.6
9,9,20,0.0,5,logistic,Logistic Regression,0.5528185582533408,0.2580785774670836,0.5686758893280632,0.24375765132671937,0.015857331074722425,0.4433734939759036,415,37.39531793166549,0.5112732145628731,20.75
1000,0,20,0.0,5,random_forest,Random Forest,0.586059877038225,0.2904232872921168,0.8501202886928629,0.16133221928414085,0.2640604116546379,0.4473007712082262,389,31.749350883188235,0.6098763683440356,19.45
1001,1,20,0.0,5,random_forest,Random Forest,0.6894077385880664,0.2371744871842657,0.7885411491968868,0.1867675850300967,0.09913341060882042,0.5196850393700787,381,49.32743097686924,0.3725150735874611,19.05
1002,2,20,0.0,5,random_forest,Random Forest,0.6296697051172755,0.25305346385938526,0.7017072157737119,0.21996586414023583,0.07203751065643638,0.48364485981308414,428,56.9484377475587,0.31939071185456414,21.4
1003,3,20,0.0,5,random_forest,Random Forest,0.5340314136125655,0.25470901973218263,0.5797659377887281,0.22969982516563145,0.04573452417616264,0.6518771331058021,293,68.04150203867924,0.24221211389122216,14.65
1004,4,20,0.0,5,random_forest,Random Forest,0.71323396567299,0.2268582296224355,0.8996160794941284,0.13073879431917385,0.18638211382113834,0.5484949832775919,299,35.09264864620054,0.539089821731925,14.95
1005,5,20,0.0,5,random_forest,Random Forest,0.6057432253274646,0.2895879161695274,0.8663095932544943,0.1480235915372492,0.2605663679270297,0.4424552429667519,391,35.03583753018744,0.5477089766788271,19.55
1006,6,20,0.0,5,random_forest,Random Forest,0.6858672313014436,0.24253597861522072,0.8086305618513658,0.17458434971281123,0.12276333054992228,0.45108695652173914,368,42.18862984642107,0.44383502039057504,18.4
1007,7,20,0.0,5,random_forest,Random Forest,0.6120283018867925,0.269951554485322,0.7605196166516921,0.20243543062379202,0.14849131476489963,0.48623853211009177,327,43.999952821967184,0.41901147559807217,16.35
1008,8,20,0.0,5,random_forest,Random Forest,0.661621666946168,0.2557352806638148,0.8201408686902565,0.16886299318207487,0.1585192017440885,0.5705128205128205,312,42.08158790472167,0.439326636488567,15.6
1009,9,20,0.0,5,random_forest,Random Forest,0.5915061949544709,0.28909688895076086,0.8240409016271085,0.17003932757925466,0.23253470667263765,0.5304878048780488,328,38.94988665296555,0.48188812580917995,16.4
2000,0,20,0.0,5,boosted_trees,Boosted Trees,0.6443783831750821,0.26328297563445535,0.6855976572899103,0.23680162622156542,0.041219274114828175,0.6181229773462783,309,60.36842420495041,0.2850221395020606,15.45
2001,1,20,0.0,5,boosted_trees,Boosted Trees,0.6584663176090387,0.28262982400867387,0.8748653455921036,0.15002149155323805,0.21639902798306487,0.44527363184079605,402,32.93134997670134,0.5867650729009607,20.1
2002,2,20,0.0,5,boosted_trees,Boosted Trees,0.726803764377832,0.2196807953385584,0.9111885674451028,0.13014470877008513,0.18438480306727079,0.6138211382113821,246,29.800987153365163,0.642014169049648,12.3
2003,3,20,0.0,5,boosted_trees,Boosted Trees,0.5497130876186272,0.3353343169240613,0.8327080114764952,0.16116408702158044,0.28299492385786795,0.5880597014925373,335,40.17096528353805,0.46599088817993906,16.75
2004,4,20,0.0,5,boosted_trees,Boosted Trees,0.686060606060606,0.06880937147037808,0.8187878787878788,0.06264574800945694,0.1327272727272728,0.9428571428571428,175,154.96380853027324,0.016683347246507427,8.75
2005,5,20,0.0,5,boosted_trees,Boosted Trees,0.5103546836429778,0.36945157431354697,0.7973236325841236,0.19124820850189192,0.2869689489411459,0.4543147208121827,394,41.41642985989277,0.45524774672544766,19.7
2006,6,20,0.0,5,boosted_trees,Boosted Trees,0.5731685542291602,0.29189224478157544,0.6403683297622692,0.25359109011711334,0.06719977553310896,0.5,396,74.06097282415942,0.23122051582820016,19.8
2007,7,20,0.0,5,boosted_trees,Boosted Trees,0.4630414312617703,0.34163452329932753,0.6857109227871938,0.2350413207774438,0.22266949152542354,0.4326923076923077,416,60.103479233444205,0.2990604202141565,20.8
2008,8,20,0.0,5,boosted_trees,Boosted Trees,0.5601768585131894,0.32618452979586204,0.8127747801758594,0.17357603019223572,0.2525979216626699,0.3412322274881517,422,37.79385322944339,0.5057630285573942,21.1
2009,9,20,0.0,5,boosted_trees,Boosted Trees,0.36127860235003095,0.47769045401616894,0.8241341991341992,0.17765624779943162,0.4628555967841682,0.5217391304347826,322,38.91638598188095,0.48173176243103544,16.1
3000,0,20,0.0,20,logistic,Logistic Regression,0.5292001692763436,0.26267188283342985,0.5663200532011365,0.2410125525644443,0.03711988392479293,0.6312997347480106,377,87.05961697479731,0.18657512262658704,18.85
3001,1,20,0.0,20,logistic,Logistic Regression,0.6443652736492393,0.2329599207367991,0.6798172757475083,0.21810601836458784,0.03545200209826893,0.3926940639269406,438,33.93708081387766,0.569676400102697,21.9
3002,2,20,0.0,20,logistic,Logistic Regression,0.29351644841903546,0.3760114442746664,0.46662408176301506,0.27124742445364314,0.1731076333439796,0.60546875,256,33.20558923252132,0.5686055481870079,12.8
3003,3,20,0.0,20,logistic,Logistic Regression,0.653400124775221,0.2308784839964059,0.6943741054717605,0.21899087265549552,0.04097398069653946,0.3883089770354906,479,50.527609937680765,0.3694974082640147,23.95
3004,4,20,0.0,20,logistic,Logistic Regression,0.4614479490112763,0.2802917499223427,0.5414283379637196,0.2605926186659822,0.0799803889524433,0.40730337078651685,356,35.61921489551177,0.5353931826849748,17.8
3005,5,20,0.0,20,logistic,Logistic Regression,0.6516278752303597,0.23744323750170218,0.656798170773326,0.22861514642111244,0.00517029554296633,0.39595959595959596,495,49.289390113817305,0.3807464948985561,24.75
3006,6,20,0.0,20,logistic,Logistic Regression,0.45189624556062913,0.2783079486484274,0.441812531709792,0.2888912993494483,-0.010083713850837117,0.5966850828729282,362,78.69460309435438,0.21052990191260224,18.1
3007,7,20,0.0,20,logistic,Logistic Regression,0.5997286821705426,0.2558738820752703,0.681220930232558,0.2209841873030745,0.08149224806201538,0.4366812227074236,458,36.46887053669027,0.5277925116924506,22.9
3008,8,20,0.0,20,logistic,Logistic Regression,0.6753036833855799,0.225351810113707,0.677458855799373,0.2208111890223421,0.0021551724137931494,0.43137254901960786,408,55.47470795110676,0.32756200938740504,20.4
3009,9,20,0.0,20,logistic,Logistic Regression,0.4097655822105378,0.3073875548361854,0.5299594698214481,0.26058098534689134,0.12019388761091032,0.5326370757180157,383,47.38739396380191,0.3902103730012155,19.15
4000,0,20,0.0,20,random_forest,Random Forest,0.628677941443899,0.23743190244065757,0.6979632660483724,0.21369513710995378,0.06928532460447345,0.5803571428571429,336,44.5527312215936,0.4140269106684768,16.8
4001,1,20,0.0,20,random_forest,Random Forest,0.5549708147044212,0.261647047291178,0.6338953055141578,0.23687911395934047,0.07892449080973662,0.49025069637883006,359,47.86443429467868,0.38350146289363046,17.95
4002,2,20,0.0,20,random_forest,Random Forest,0.4935257278266757,0.2866998106312679,0.7307323403294967,0.19183353555947696,0.23720661250282105,0.44327176781002636,379,29.087150271994798,0.670184321657396,18.95
4003,3,20,0.0,20,random_forest,Random Forest,0.39567322876092226,0.30677361507695405,0.5824472751517704,0.2465994557243447,0.18677404639084816,0.5236686390532544,338,49.022248040480235,0.3707439398963114,16.9
4004,4,20,0.0,20,random_forest,Random Forest,0.5162523020257828,0.25590993095079834,0.6140538674033149,0.23214254244552665,0.09780156537753215,0.42992874109263657,421,41.43707229540233,0.4568570675536877,21.05
4005,5,20,0.0,20,random_forest,Random Forest,0.5737815684536997,0.2585299170687209,0.6838059370846257,0.21329772655442916,0.11002436863092602,0.43123543123543123,429,49.75227059342902,0.37274924382696295,21.45
4006,6,20,0.0,20,random_forest,Random Forest,0.439718482252142,0.2914152954214657,0.5950530395756833,0.2386592532085472,0.15533455732354134,0.42410714285714285,448,71.52238628805333,0.24597070607859425,22.4
4007,7,20,0.0,20,random_forest,Random Forest,0.43387768447136565,0.27568281602379135,0.5375223705947136,0.2503552099413245,0.10364468612334798,0.4699792960662526,483,60.65703810252514,0.3007689960498608,24.15
4008,8,20,0.0,20,random_forest,Random Forest,0.586550089883968,0.27687441295717724,0.8618401699624122,0.14948747746695953,0.27529008007844424,0.40730337078651685,356,26.359321613066502,0.744384443561578,17.8
4009,9,20,0.0,20,random_forest,Random Forest,0.5829967376106883,0.2495250634852324,0.7013554450831132,0.22081950646960494,0.11835870747242494,0.5109034267912772,321,41.67022861991319,0.44540474853080386,16.05
5000,0,20,0.0,20,boosted_trees,Boosted Trees,0.7249194068343003,0.2656713649097617,0.877304964539007,0.1501053650971075,0.15238555770470663,0.46742209631728043,353,32.10631978408024,0.6002834904864498,17.65
5001,1,20,0.0,20,boosted_trees,Boosted Trees,0.48541378780899747,0.3453980854182733,0.5991862428988177,0.27915655862730254,0.11377245508982026,0.48297213622291024,323,44.04433808956622,0.41805407405925515,16.15
5002,2,20,0.0,20,boosted_trees,Boosted Trees,0.46782572266443234,0.3138552627831103,0.6067588325652842,0.25614809062329735,0.13893310990085184,0.396709323583181,547,79.06387844056998,0.22460935305677138,27.35
5003,3,20,0.0,20,boosted_trees,Boosted Trees,0.5598342226249202,0.292036290116208,0.7152589013054128,0.21511868353672847,0.1554246786804926,0.3967935871743487,499,59.34289125932355,0.30934270581166606,24.95
5004,4,20,0.0,20,boosted_trees,Boosted Trees,0.6312944162436549,0.30008562628785906,0.7781472081218274,0.1991884318680194,0.14685279187817246,0.5037783375314862,397,44.17766536602489,0.423683892697651,19.85
5005,5,20,0.0,20,boosted_trees,Boosted Trees,0.5427937915742793,0.3286372928638662,0.6690395612090093,0.24301829146053233,0.12624576963473,0.5048309178743962,414,67.4451137141714,0.26082865940061367,20.7
5006,6,20,0.0,20,boosted_trees,Boosted Trees,0.5189869385154509,0.30893643067545834,0.5194966549856642,0.3029639167547732,0.0005097164702133616,0.5955678670360111,361,85.16408771818627,0.18996339660094366,18.05
5007,7,20,0.0,20,boosted_trees,Boosted Trees,0.6219960219960221,0.28045211312198254,0.8402948402948403,0.15439677463264206,0.21829881829881814,0.3891509433962264,424,34.21771184693393,0.563922946256083,21.2
5008,8,20,0.0,20,boosted_trees,Boosted Trees,0.5875481386392811,0.32617761675400925,0.7158151476251605,0.23043576578074254,0.1282670089858794,0.4810126582278481,395,49.73546153423869,0.37024103426681526,19.75
5009,9,20,0.0,20,boosted_trees,Boosted Trees,0.44337343746335517,0.36705781936745996,0.5822603719599428,0.277778629270245,0.13888693449658768,0.43990384615384615,416,54.472105323836274,0.3351988044349433,20.8
6000,0,20,0.0,100,logistic,Logistic Regression,0.47386091127098323,0.3540242950225362,0.4900137033230558,0.34159820214523273,0.016152792052072595,0.430327868852459,488,70.3463986802879,0.25372222083408225,24.4
6001,1,20,0.0,100,logistic,Logistic Regression,0.5651506428708502,0.34487742832988505,0.5647028721294697,0.3364884467544516,-0.000447770741380471,0.4426605504587156,436,41.64451104706262,0.45526764585917867,21.8
6002,2,20,0.0,100,logistic,Logistic Regression,0.5845845845845846,0.2974456177992192,0.6130247894953778,0.29521471062984195,0.028440204910793132,0.37988826815642457,537,60.08589668412072,0.30704856459785695,26.85
6003,3,20,0.0,100,logistic,Logistic Regression,0.5209264911160006,0.3700673941684973,0.5633709513331914,0.33125430614267504,0.04244446021719073,0.5315533980582524,412,45.00808635249446,0.4160158483582321,20.6
6004,4,20,0.0,100,logistic,Logistic Regression,0.4014316924650212,0.4344214407236339,0.5137126388695207,0.36156115576558784,0.11228094640449948,0.4867469879518072,415,49.207088195130275,0.37639211688243596,20.75
6005,5,20,0.0,100,logistic,Logistic Regression,0.5380411937788987,0.3967230911102395,0.5706704497688104,0.36767519467194937,0.03262925598991173,0.5611510791366906,278,25.853381636533065,0.7560422756425617,13.9
6006,6,20,0.0,100,logistic,Logistic Regression,0.540426716786746,0.38745667994615607,0.5783300268003202,0.34228869407397833,0.037903310013574165,0.538235294117647,340,46.06958187391346,0.39875879887858606,17.0
6007,7,20,0.0,100,logistic,Logistic Regression,0.6609743411927878,0.28700316602457987,0.6653736130374479,0.27912125957478917,0.0043992718446601575,0.4790697674418605,430,45.89548858964497,0.4082493946666231,21.5
6008,8,20,0.0,100,logistic,Logistic Regression,0.5666001968851756,0.3396812059663081,0.5513289749350027,0.3373982271424676,-0.015271221950172942,0.5696517412935324,402,50.00159911596211,0.36857292515062273,20.1
6009,9,20,0.0,100,logistic,Logistic Regression,0.5250791248107884,0.37105372086634575,0.4921219210127975,0.3907487483786116,-0.03295720379799094,0.5043988269794721,341,52.97138007706669,0.33878121318161886,17.05
7000,0,20,0.0,100,random_forest,Random Forest,0.5495134965473949,0.2492773327488285,0.6128531073446327,0.235483275150428,0.06333961079723782,0.4227005870841487,511,51.537060772686885,0.36314439342510807,25.55
7001,1,20,0.0,100,random_forest,Random Forest,0.46638655462184875,0.2605440354393143,0.5844192749563593,0.24467670657508106,0.11803272033451051,0.5127388535031847,314,45.82047522595897,0.39815180869913475,15.7
7002,2,20,0.0,100,random_forest,Random Forest,0.4966009953311785,0.2541169746984542,0.5512544251192858,0.24524754877945962,0.05465342978810728,0.44836272040302266,397,67.19243136731599,0.2603927612544336,19.85
7003,3,20,0.0,100,random_forest,Random Forest,0.503577567683713,0.2501588533171247,0.6410936828534595,0.22958023757442897,0.1375161151697465,0.40774487471526194,439,50.5203512079778,0.36704379291132033,21.95
7004,4,20,0.0,100,random_forest,Random Forest,0.46266801336337504,0.24092845531296367,0.5374485276979256,0.23213450734504817,0.07478051433455057,0.6336336336336337,333,59.76870115286548,0.29210721663945866,16.65
7005,5,20,0.0,100,random_forest,Random Forest,0.5385908209437621,0.2252391733763988,0.6857466063348417,0.209410919186917,0.14715578539107965,0.6513409961685823,261,56.57264252804243,0.29987861929683524,13.05
7006,6,20,0.0,100,random_forest,Random Forest,0.5121985755348825,0.21712288098478402,0.5325248148620139,0.21331535339666102,0.0203262393271314,0.3072916666666667,576,54.6806165066798,0.3429459469759531,28.8
7007,7,20,0.0,100,random_forest,Random Forest,0.5272392290249432,0.217978941643839,0.5100907029478458,0.21866648278892625,-0.017148526077097492,0.6853146853146853,286,72.46891944336966,0.22154281568183973,14.3
7008,8,20,0.0,100,random_forest,Random Forest,0.18498727735368958,0.31417818082787213,0.7452290076335877,0.1912102810385898,0.5602417302798981,0.6858638743455497,191,25.21808274862968,0.7688807320291028,9.55
7009,9,20,0.0,100,random_forest,Random Forest,0.5141811846689897,0.23266408096214383,0.6469773519163763,0.20610806691353048,0.13279616724738663,0.34791252485089463,503,37.933902182073815,0.507656588092324,25.15
8000,0,20,0.0,100,boosted_trees,Boosted Trees,0.39554256485202777,0.44442509327539687,0.650420168067227,0.26070553000961,0.25487760321519926,0.486404833836858,331,49.68007343332621,0.3641563378494913,16.55
8001,1,20,0.0,100,boosted_trees,Boosted Trees,0.5063369903389553,0.3434971322914787,0.620435565744228,0.2711237560334601,0.11409857540527268,0.5596590909090909,352,58.5814778919316,0.3017304312026904,17.6
8002,2,20,0.0,100,boosted_trees,Boosted Trees,0.561297511452272,0.3165644769933854,0.6477652593784821,0.25523759006731916,0.08646774792621004,0.4900497512437811,402,48.47674990230035,0.3818133584253579,20.1
8003,3,20,0.0,100,boosted_trees,Boosted Trees,0.554752688172043,0.2938563729465426,0.602236559139785,0.2719829310008949,0.04748387096774198,0.5980707395498392,311,84.88198336738425,0.1830866403017194,15.55
8004,4,20,0.0,100,boosted_trees,Boosted Trees,0.5461637931034482,0.3290678311770234,0.575926724137931,0.29245146723669213,0.029762931034482798,0.46296296296296297,432,49.55749888288704,0.3746187837488353,21.6
8005,5,20,0.0,100,boosted_trees,Boosted Trees,0.5329452293738008,0.2918041298776037,0.6739490668062097,0.23071281757197742,0.14100383743240885,0.3466666666666667,450,53.46577435199293,0.34495810785977665,22.5
8006,6,20,0.0,100,boosted_trees,Boosted Trees,0.5646036916395223,0.30830321311823905,0.7518001028630207,0.19949730096063736,0.1871964112234984,0.4261682242990654,535,42.68516542673948,0.4479078975267921,26.75
8007,7,20,0.0,100,boosted_trees,Boosted Trees,0.5906382978723403,0.29139316845229213,0.6811063829787234,0.24892449216748366,0.09046808510638304,0.6006389776357828,313,69.47313350716648,0.23927226915908978,15.65
8008,8,20,0.0,100,boosted_trees,Boosted Trees,0.5125423728813558,0.38492871989860555,0.8103201506591337,0.19179380282803188,0.2977777777777778,0.45871559633027525,327,31.00449519903615,0.6219451292955271,16.35
8009,9,20,0.0,100,boosted_trees,Boosted Trees,0.5621890547263682,0.3417856349134739,0.7351175158689311,0.21905773811446685,0.172928461142563,0.464,375,44.12570739156529,0.4224477366891987,18.75
9000,0,20,0.6,5,logistic,Logistic Regression,0.7677306149732621,0.17698113396422466,0.7895220588235294,0.16959140545999243,0.021791443850267322,0.368836291913215,507,38.052848799954944,0.5061016589530296,25.35
9001,1,20,0.6,5,logistic,Logistic Regression,0.3332807985290254,0.3325289214757473,0.34247438928289997,0.2805848422930527,0.009193590753874548,0.5108695652173914,276,46.76374970810943,0.38296933342255673,13.8
9002,2,20,0.6,5,logistic,Logistic Regression,0.6755574457743483,0.23506416394734522,0.6984628470745488,0.21897566807972102,0.022905401300200467,0.5907859078590786,369,64.96971378658984,0.2681701676453126,18.45
9003,3,20,0.6,5,logistic,Logistic Regression,0.5820017984367434,0.2650252340856829,0.657051947153628,0.22901518666837517,0.07505014871688465,0.5366568914956011,341,48.78090474095588,0.3732361527340694,17.05
9004,4,20,0.6,5,logistic,Logistic Regression,0.6438985850750557,0.2375805699783567,0.7002442002442002,0.21636016453058413,0.05634561516914449,0.5432835820895522,335,55.73922251318935,0.31810352235968165,16.75
9005,5,20,0.6,5,logistic,Logistic Regression,0.6665488897980436,0.2156392992258845,0.7146390448915835,0.19748873366088174,0.048090155093539866,0.34151329243353784,489,40.238757365890756,0.4755847654634291,24.45
9006,6,20,0.6,5,logistic,Logistic Regression,0.6789266654974571,0.2272148073154455,0.7235737729561798,0.20590893176888617,0.04464710745872269,0.41133004926108374,406,36.91818150854376,0.5179943730464024,20.3
9007,7,20,0.6,5,logistic,Logistic Regression,0.5084833333333333,0.2539909520638831,0.5932666666666666,0.23440542089481264,0.08478333333333332,0.4,500,65.90103025320782,0.27446395000634416,25.0
9008,8,20,0.6,5,logistic,Logistic Regression,0.5746999974413428,0.2509113093435122,0.5866745132154645,0.24585536214132706,0.011974515774121675,0.4722222222222222,396,44.33272465381917,0.4219390141594577,19.8
9009,9,20,0.6,5,logistic,Logistic Regression,0.6311603650586701,0.2446732888227229,0.7268144285093439,0.18822707247989115,0.09565406345067373,0.6230031948881789,313,35.278527090948536,0.5373551191076105,15.65
10000,0,20,0.6,5,random_forest,Random Forest,0.4903531124863487,0.29083139813001324,0.7061556329849012,0.21117059118998477,0.21580252049855253,0.41188524590163933,488,58.71207132692179,0.3124679058813887,24.4
10001,1,20,0.6,5,random_forest,Random Forest,0.25368605860193977,0.44594986175250695,0.7477287060868973,0.201362744865977,0.4940426474849576,0.41260162601626016,492,45.63405876153484,0.4144669920390476,24.6
10002,2,20,0.6,5,random_forest,Random Forest,0.5819713993871297,0.2593746593682803,0.7292872545681535,0.20941729328637115,0.14731585518102375,0.526595744680851,376,72.67159970625966,0.2344921734721223,18.8
10003,3,20,0.6,5,random_forest,Random Forest,0.5804941304941305,0.28395544482703994,0.8028119028119028,0.1820577367038967,0.2223177723177724,0.4830287206266319,383,46.08415842043835,0.4028034127480705,19.15
10004,4,20,0.6,5,random_forest,Random Forest,0.6702031063321385,0.24668423080031668,0.8428195937873358,0.16170309633652788,0.1726164874551973,0.45255474452554745,411,47.99641170015406,0.3868613886556634,20.55
10005,5,20,0.6,5,random_forest,Random Forest,0.5751587301587302,0.26382619872125745,0.761931216931217,0.1913104464785199,0.1867724867724868,0.631578947368421,285,61.42517612153221,0.2747012329290553,14.25
10006,6,20,0.6,5,random_forest,Random Forest,0.4424007220216606,0.30891228699268175,0.6839169675090253,0.2191361471355508,0.24151624548736472,0.4192872117400419,477,70.74561018299966,0.2513115019290697,23.85
10007,7,20,0.6,5,random_forest,Random Forest,0.6557428214731585,0.25684227350898853,0.8330524344569289,0.16551679808598307,0.17730961298377035,0.5027932960893855,358,37.60837120972812,0.5040921458172377,17.9
10008,8,20,0.6,5,random_forest,Random Forest,0.5324087771203155,0.3122864973745026,0.8819526627218933,0.14545048142619357,0.3495438856015778,0.4132029339853301,409,33.797965587164846,0.5707619584139514,20.45
10009,9,20,0.6,5,random_forest,Random Forest,0.5985178177231157,0.24807574312014677,0.7141595711132135,0.21103734951038158,0.11564175339009775,0.5817174515235457,361,72.00844729647977,0.23538420589976816,18.05
11000,0,20,0.6,5,boosted_trees,Boosted Trees,0.5575246512746513,0.35316173266306655,0.7478956228956228,0.20703128721878522,0.1903709716209715,0.4821917808219178,365,45.318738760061436,0.40893121775785957,18.25
11001,1,20,0.6,5,boosted_trees,Boosted Trees,0.45893070489844684,0.3581278162237613,0.8287335722819593,0.16127394763409245,0.3698028673835125,0.6739130434782609,276,44.67732589449195,0.404502363395049,13.8
11002,2,20,0.6,5,boosted_trees,Boosted Trees,0.6407278156848446,0.3018127284468597,0.8209802593885097,0.17674867869570385,0.1802524437036651,0.45435684647302904,482,52.26472856551196,0.3559428894830856,24.1
11003,3,20,0.6,5,boosted_trees,Boosted Trees,0.6276048152760482,0.3133481387922805,0.8641137401411374,0.1420571817348791,0.23650892486508923,0.3610503282275711,457,38.349416233267135,0.4996219412266701,22.85
11004,4,20,0.6,5,boosted_trees,Boosted Trees,0.46773613291470434,0.3637012398130285,0.6906397174254317,0.23618012454950765,0.2229035845107274,0.5568181818181818,352,74.67412845256541,0.22372377355129852,17.6
11005,5,20,0.6,5,boosted_trees,Boosted Trees,0.6234354942233633,0.2710635331244585,0.8393372913992297,0.15979509891496405,0.21590179717586644,0.3504273504273504,468,39.10128414059694,0.48968376670234587,23.4
11006,6,20,0.6,5,boosted_trees,Boosted Trees,0.48671442526864217,0.37218710073290406,0.7560403777271247,0.21336657864610917,0.26932595245848256,0.5270655270655271,351,41.016740081289825,0.45664541605155545,17.55
11007,7,20,0.6,5,boosted_trees,Boosted Trees,0.49073345259391765,0.36758557555994237,0.8644007155635063,0.14272093270681657,0.37366726296958863,0.3460764587525151,497,35.88166431423627,0.5388295803636491,24.85
11008,8,20,0.6,5,boosted_trees,Boosted Trees,0.4563260469722694,0.35768922307597245,0.67666772778721,0.2242355350044045,0.22034168081494054,0.3795918367346939,490,60.981522301409754,0.29937110037609743,24.5
11009,9,20,0.6,5,boosted_trees,Boosted Trees,0.44822067407267935,0.44266597951567377,0.9064912445867068,0.12500645055720508,0.4582705705140275,0.3754152823920266,301,28.101057584797484,0.6911986217220742,15.05
12000,0,20,0.6,20,logistic,Logistic Regression,0.4364667818995701,0.2861783557169127,0.5011744892079955,0.26813934966179814,0.06470770730842534,0.48705882352941177,425,61.18609642252002,0.29363073877305934,21.25
12001,1,20,0.6,20,logistic,Logistic Regression,0.5685086155674391,0.2872429122304265,0.7030600118835413,0.22171580890671402,0.13455139631610213,0.46195652173913043,368,37.00161081913899,0.5141099403190036,18.4
12002,2,20,0.6,20,logistic,Logistic Regression,0.6939582972332929,0.22800269174194868,0.7337549818055796,0.20871978523209195,0.03979668457228669,0.5335120643431636,373,49.64845393702415,0.3689984170166025,18.65
12003,3,20,0.6,20,logistic,Logistic Regression,0.5316546054250971,0.2943145361256079,0.5277654703884213,0.26349625685799416,-0.0038891350366758726,0.5481481481481482,405,44.36697623064565,0.4222551240716106,20.25
12004,4,20,0.6,20,logistic,Logistic Regression,0.5008912655971479,0.27353398938354545,0.5399088928500693,0.2613823314067568,0.03901762725292135,0.5807453416149069,322,61.778297595023616,0.27895273899909223,16.1
12005,5,20,0.6,20,logistic,Logistic Regression,0.6697306443499336,0.23133178273013721,0.6071477568939498,0.25095951998535376,-0.06258288745598373,0.4701670644391408,419,47.184679794485206,0.3949875148029723,20.95
12006,6,20,0.6,20,logistic,Logistic Regression,0.5641156462585034,0.22713527163726988,0.5929421768707483,0.21485274887441905,0.02882653061224494,0.32432432432432434,518,46.64507609797262,0.4058288292382945,25.9
12007,7,20,0.6,20,logistic,Logistic Regression,0.5788503729706012,0.26099077106081936,0.6561649846423872,0.23055792690543694,0.077314611671786,0.42513368983957217,374,35.185360309188695,0.5440350722806131,18.7
12008,8,20,0.6,20,logistic,Logistic Regression,0.5127814088598402,0.28696256664444947,0.5904502541757444,0.2520386979131891,0.07766884531590412,0.5120481927710844,332,33.464385277808155,0.5718586557249051,16.6
12009,9,20,0.6,20,logistic,Logistic Regression,0.5710501640881387,0.2577664105755621,0.560829817158931,0.2594824351628687,-0.010220346929207702,0.4316546762589928,417,46.35156521557244,0.4028443298860028,20.85
13000,0,20,0.6,20,random_forest,Random Forest,0.6098861655214849,0.24023218955281553,0.6936382593238302,0.2190187650409259,0.08375209380234527,0.5751445086705202,346,62.618983889631444,0.27763686556015393,17.3
13001,1,20,0.6,20,random_forest,Random Forest,0.5091409691629956,0.26827349157414365,0.7846365638766519,0.1863570811621238,0.27549559471365637,0.4134366925064599,387,32.69719192695437,0.5905111050207325,19.35
13002,2,20,0.6,20,random_forest,Random Forest,0.4654269105450237,0.31038856437551626,0.682103450829384,0.22580177268817467,0.21667654028436023,0.4518201284796574,467,41.51147832194536,0.45860852270333363,23.35
13003,3,20,0.6,20,random_forest,Random Forest,0.5884551495016611,0.24818000523231182,0.7247456395348837,0.21108649127163667,0.13629049003322258,0.43434343434343436,396,58.33976649256978,0.307862917496727,19.8
13004,4,20,0.6,20,random_forest,Random Forest,0.5530025430007409,0.2481376541458276,0.7023187361086083,0.21219125094265628,0.14931619310786737,0.39082969432314413,458,40.87915495238022,0.4659248448580285,22.9
13005,5,20,0.6,20,random_forest,Random Forest,0.437668307178011,0.265681349520816,0.7229315628192032,0.2058189286490973,0.28526325564119226,0.5953177257525084,299,37.57884192835285,0.4986813589906347,14.95
13006,6,20,0.6,20,random_forest,Random Forest,0.6523293733985558,0.22263009971114886,0.7525040764034474,0.1873406325865696,0.10017470300489162,0.3793911007025761,427,38.047648104446274,0.5023474153465906,21.35
13007,7,20,0.6,20,random_forest,Random Forest,0.6070571428571429,0.24694473464238476,0.7295428571428572,0.21073619025513354,0.12248571428571431,0.4666666666666667,375,54.66500866487165,0.3301388256608212,18.75
13008,8,20,0.6,20,random_forest,Random Forest,0.5216483011937558,0.25921091673899294,0.6194214876033058,0.23444106434074308,0.09777318640955002,0.4265402843601896,422,59.99812852395151,0.3001767521769892,21.1
13009,9,20,0.6,20,random_forest,Random Forest,0.523115479390681,0.2690935111071964,0.6839017697132617,0.20110517969604635,0.16078629032258063,0.3673469387755102,392,37.08493497964505,0.5145338698610243,19.6
14000,0,20,0.6,20,boosted_trees,Boosted Trees,0.6987418452935694,0.2579385582154049,0.7634136599653841,0.2158834596355556,0.06467181467181471,0.5783475783475783,351,48.32806012680938,0.3784206253582894,17.55
14001,1,20,0.6,20,boosted_trees,Boosted Trees,0.46638914585260555,0.48215153759541085,0.8894927536231884,0.1279611078245889,0.4231036077705828,0.4338461538461538,325,25.05582216876839,0.7849860421652493,16.25
14002,2,20,0.6,20,boosted_trees,Boosted Trees,0.5143025078369906,0.2634971788738035,0.6809365203761756,0.2021622732962026,0.16663401253918497,0.7521367521367521,234,74.70216847554764,0.19929338210438674,11.7
14003,3,20,0.6,20,boosted_trees,Boosted Trees,0.5836900202748367,0.3239800111846992,0.8055117518960726,0.18429967113264673,0.22182173162123586,0.4825,400,53.41916859259523,0.341470990104326,20.0
14004,4,20,0.6,20,boosted_trees,Boosted Trees,0.4355828220858896,0.30394709137362746,0.7763957755553688,0.16636321327966833,0.34081295346947915,0.27121464226289516,601,51.272711305723234,0.3690752101874551,30.05
14005,5,20,0.6,20,boosted_trees,Boosted Trees,0.59508547008547,0.30815749251945485,0.6703042328042328,0.24703643226820104,0.07521876271876282,0.4760705289672544,397,50.75111274912975,0.36193573378906635,19.85
14006,6,20,0.6,20,boosted_trees,Boosted Trees,0.4676455631833206,0.36531268431664,0.7499364352911264,0.21218755589929034,0.2822908721078058,0.48169014084507045,355,36.91783245194661,0.5143850245498712,17.75
14007,7,20,0.6,20,boosted_trees,Boosted Trees,0.6901455026455028,0.24756130489688402,0.7931311413454271,0.19174812869945596,0.10298563869992428,0.4,420,38.2675124810412,0.498768358288352,21.0
14008,8,20,0.6,20,boosted_trees,Boosted Trees,0.3322538619021031,0.420491959415263,0.7861529871580124,0.1912931995442137,0.4538991252559093,0.5958083832335329,334,43.02528165791901,0.4307565421141143,16.7
14009,9,20,0.6,20,boosted_trees,Boosted Trees,0.6810005745348477,0.27657857683171444,0.8234410217881293,0.17661918717163141,0.14244044725328153,0.6071428571428571,308,36.46529873834592,0.5171101603145427,15.4
15000,0,20,0.6,100,logistic,Logistic Regression,0.43875049611281025,0.40309406411624005,0.5423621973711859,0.3324612446124508,0.1036117012583756,0.5096618357487923,414,44.956391862182954,0.4166966542931132,20.7
15001,1,20,0.6,100,logistic,Logistic Regression,0.6458666666666667,0.33694062791208335,0.6426666666666667,0.3286735182888053,-0.0031999999999999806,0.46153846153846156,325,40.801980115097265,0.4567409639823342,16.25
15002,2,20,0.6,100,logistic,Logistic Regression,0.5821705426356589,0.3507137388618883,0.6072674418604651,0.31689324562930776,0.02509689922480618,0.47174447174447176,407,49.928228178059314,0.3695969637731862,20.35
15003,3,20,0.6,100,logistic,Logistic Regression,0.48701226309921963,0.3683727055811466,0.46056298773690085,0.3995049082750921,-0.02644927536231878,0.5145118733509235,379,69.38448266231124,0.24859701589324268,18.95
15004,4,20,0.6,100,logistic,Logistic Regression,0.5183330673475901,0.35546047920399093,0.48663421640600063,0.3805327598791025,-0.031698850941589474,0.46325167037861914,449,69.33778846986824,0.2552701837194661,22.45
15005,5,20,0.6,100,logistic,Logistic Regression,0.43219503710575136,0.42691192728230215,0.5033047309833023,0.37623126789089617,0.07110969387755095,0.5268817204301075,372,49.44468184975867,0.3706567830443294,18.6
15006,6,20,0.6,100,logistic,Logistic Regression,0.502300834052344,0.4093801472952484,0.5536381938452689,0.36548896683497684,0.051337359792924864,0.5462686567164179,335,61.537269826043236,0.28214955060566893,16.75
15007,7,20,0.6,100,logistic,Logistic Regression,0.6147497007965004,0.3209152892394732,0.6083942057694688,0.31217857902385754,-0.006355495027031588,0.44469525959367945,443,50.18588206566081,0.37007960743299817,22.15
15008,8,20,0.6,100,logistic,Logistic Regression,0.49670556481701994,0.33129820425907763,0.5537508930697785,0.297228492436607,0.0570453282527586,0.3764478764478765,518,44.08292674208612,0.431750239688467,25.9
15009,9,20,0.6,100,logistic,Logistic Regression,0.47851886101799407,0.3958005830607609,0.4776711748160135,0.3765886273407064,-0.0008476862019805576,0.6317365269461078,334,65.50415125455332,0.26107729188718654,16.7
16000,0,20,0.6,100,random_forest,Random Forest,0.4443779657520115,0.2588324522815118,0.5330513719826697,0.24251966996863064,0.08867340623065822,0.41387024608501116,447,41.624011992243275,0.45615895263021083,22.35
16001,1,20,0.6,100,random_forest,Random Forest,0.5989089366951962,0.2398308735796855,0.6572885341969311,0.23069789667944574,0.05837959750173494,0.43043478260869567,460,69.70205083306871,0.2545235851626819,23.0
16002,2,20,0.6,100,random_forest,Random Forest,0.6256250637820185,0.23371965868479316,0.7272808449841821,0.21663413424632652,0.10165578120216356,0.40694789081885857,403,34.27450295540473,0.5617760575838088,20.15
16003,3,20,0.6,100,random_forest,Random Forest,0.4586162576389562,0.267029995851513,0.6316083034241925,0.2296381839778486,0.1729920457852363,0.4092009685230024,413,35.73600703816017,0.5372504368481481,20.65
16004,4,20,0.6,100,random_forest,Random Forest,0.2847930182267532,0.283993444677989,0.49367984759551026,0.24692482252811832,0.20888682936875708,0.415,400,39.80581447671939,0.4762517476646293,20.0
16005,5,20,0.6,100,random_forest,Random Forest,0.5793253968253969,0.23897402496161207,0.6169179894179895,0.23476506016201537,0.03759259259259262,0.5725190839694656,393,64.9325032896538,0.27090824475660125,19.65
16006,6,20,0.6,100,random_forest,Random Forest,0.6064184495693248,0.23414610297457888,0.5981522645179216,0.2343576269179986,-0.008266185051403196,0.5919732441471572,299,55.070411100902625,0.3175206374206818,14.95
16007,7,20,0.6,100,random_forest,Random Forest,0.561469846810161,0.24333604422399133,0.5557171482127853,0.2447139546287425,-0.005752698597375705,0.5599078341013825,434,76.74590367022607,0.22488043232596674,21.7
16008,8,20,0.6,100,random_forest,Random Forest,0.633255231037489,0.2229974480314861,0.7859452194129612,0.1952413296335468,0.1526899883754722,0.38589211618257263,482,46.03242814869751,0.4099947758031086,24.1
16009,9,20,0.6,100,random_forest,Random Forest,0.5102913533834585,0.2336978044563688,0.5884006892230575,0.22420742443823483,0.078109335839599,0.3612167300380228,526,53.503148335453574,0.3490591763092816,26.3
17000,0,20,0.6,100,boosted_trees,Boosted Trees,0.4800893550893552,0.39886980125555255,0.6490870240870241,0.2550404792050163,0.16899766899766894,0.6006825938566553,293,37.36632214162854,0.5011930769280161,14.65
17001,1,20,0.6,100,boosted_trees,Boosted Trees,0.4817520618221963,0.3797356359542121,0.6671537112799533,0.2516712597705047,0.18540164945775695,0.5042735042735043,351,45.287448524413264,0.4078847029992032,17.55
17002,2,20,0.6,100,boosted_trees,Boosted Trees,0.5299812444836717,0.3817887588053177,0.7307480141218005,0.22199403653312041,0.20076676963812878,0.4607329842931937,382,36.390392983639565,0.5247113828889609,19.1
17003,3,20,0.6,100,boosted_trees,Boosted Trees,0.6454395085066162,0.2811503181302822,0.6870510396975424,0.23489877837016057,0.0416115311909262,0.4444444444444444,414,41.69244127618075,0.45329225803147966,20.7
17004,4,20,0.6,100,boosted_trees,Boosted Trees,0.6019180504305043,0.3091422848668676,0.8224169741697417,0.1770344528077857,0.2204989237392374,0.4146868250539957,463,38.25240097014792,0.5013009210528873,23.15
17005,5,20,0.6,100,boosted_trees,Boosted Trees,0.4952893145952737,0.3838179317569011,0.7170840857344745,0.22648357613657258,0.22179477113920076,0.4095860566448802,459,44.98510495830463,0.4192882609270812,22.95
17006,6,20,0.6,100,boosted_trees,Boosted Trees,0.5633273435160228,0.2776970809649637,0.6490715783168614,0.25341161210829777,0.08574423480083859,0.40227703984819735,527,61.52556047402673,0.29844361738368086,26.35
17007,7,20,0.6,100,boosted_trees,Boosted Trees,0.5920953670276775,0.31273442253187006,0.7956904332129964,0.17905873015052104,0.20359506618531886,0.4093816631130064,469,36.76776759994301,0.5236408783300633,23.45
17008,8,20,0.6,100,boosted_trees,Boosted Trees,0.6129333661175314,0.2815439171660312,0.7160068846815836,0.22644458680800988,0.10307351856405222,0.40389294403892945,411,53.102726867401174,0.3447424825253878,20.55
17009,9,20,0.6,100,boosted_trees,Boosted Trees,0.667978896103896,0.28717972476143516,0.7650568181818183,0.22832143560664658,0.09707792207792221,0.5569620253164557,316,40.050418022575116,0.4655442551184351,15.8
18000,0,20,0.9,5,logistic,Logistic Regression,0.6775576999040687,0.2550752786896026,0.7409288414875007,0.20457194010271965,0.06337114158343204,0.47480106100795755,377,41.84205318840107,0.4487436474288493,18.85
18001,1,20,0.9,5,logistic,Logistic Regression,0.6336303365567332,0.2375613246255336,0.7165660233942823,0.20329221054586324,0.08293568683754915,0.6257861635220126,318,53.71402383134739,0.3302175590589596,15.9
18002,2,20,0.9,5,logistic,Logistic Regression,0.5923343475321162,0.24240435399809393,0.6578346855983772,0.22037002958547375,0.06550033806626099,0.6375,320,52.667641929653925,0.3383891237905446,16.0
18003,3,20,0.9,5,logistic,Logistic Regression,0.681067321075379,0.22249393741213366,0.678137132810783,0.22146836092540326,-0.002930188264596012,0.3903966597077244,479,47.98784223773906,0.39135925478714906,23.95
18004,4,20,0.9,5,logistic,Logistic Regression,0.6573402088107971,0.23998828612386058,0.7183919022154317,0.21390203463405105,0.061051693404634566,0.4732394366197183,355,32.223865235321256,0.5980107246648317,17.75
18005,5,20,0.9,5,logistic,Logistic Regression,0.5557039094210638,0.27738372258948885,0.6547212134159368,0.23209784980352713,0.09901730399487296,0.5490909090909091,275,44.146120341149164,0.41014219369652877,13.75
18006,6,20,0.9,5,logistic,Logistic Regression,0.5117063492063492,0.22404225566931243,0.6010912698412698,0.20777051118681233,0.08938492063492065,0.30864197530864196,486,41.23500319442412,0.4629228808917254,24.3
18007,7,20,0.9,5,logistic,Logistic Regression,0.5023148978932634,0.30436031429228344,0.6422136884039766,0.2312187995317323,0.1398987905107132,0.44345238095238093,336,41.12360188751073,0.45382851489340287,16.8
18008,8,20,0.9,5,logistic,Logistic Regression,0.542263990655198,0.24063651599960514,0.6291281724540725,0.21417580415575116,0.08686418179887445,0.3613861386138614,404,41.84839617159919,0.45072366984034606,20.2
18009,9,20,0.9,5,logistic,Logistic Regression,0.5830556877677296,0.26259456151313665,0.6644204514141137,0.23326528751095957,0.08136476364638401,0.4775,400,38.11634118285855,0.49969403588407374,20.0
19000,0,20,0.9,5,random_forest,Random Forest,0.37240625718886594,0.3707491791824477,0.7824361628709455,0.19015963311960976,0.4100299056820796,0.49640287769784175,417,41.840935702867746,0.45170359253826026,20.85
19001,1,20,0.9,5,random_forest,Random Forest,0.3687958383080334,0.34833981066605973,0.8994542043322531,0.1321877600458039,0.5306583660242197,0.5342019543973942,307,31.43567242378375,0.6108693579327642,15.35
19002,2,20,0.9,5,random_forest,Random Forest,0.4730083857442348,0.3662658291673972,0.8987486897274632,0.13695042853139924,0.42574030398322843,0.452991452991453,351,35.56347270127029,0.5359321644521112,17.55
19003,3,20,0.9,5,random_forest,Random Forest,0.4393653637606676,0.3681457045133964,0.9213305672120327,0.11345134909030362,0.48196520345136507,0.39667458432304037,421,34.297577655857964,0.5623401177508239,21.05
19004,4,20,0.9,5,random_forest,Random Forest,0.6033912324234905,0.2675317359006611,0.8632547559966914,0.14030582500085398,0.25986352357320097,0.6112852664576802,319,39.58890197343292,0.47209456746637496,15.95
19005,5,20,0.9,5,random_forest,Random Forest,0.3133886255924171,0.3457681327215462,0.8594067366283006,0.1432845225309957,0.5460181110358835,0.653250773993808,323,46.14866837044886,0.39598142122733465,16.15
19006,6,20,0.9,5,random_forest,Random Forest,0.5813699400705308,0.28479679212700204,0.7883754137729603,0.19032153172333408,0.2070054737024295,0.5046511627906977,430,77.50025486500411,0.22187165124465785,21.5
19007,7,20,0.9,5,random_forest,Random Forest,0.559810768191034,0.3325085274622933,0.9516032139370728,0.09206091757233996,0.3917924457460388,0.4169184290030212,331,25.266701439501592,0.7781508568002983,16.55
19008,8,20,0.9,5,random_forest,Random Forest,0.6936363636363637,0.1953738389080952,0.8625252525252525,0.1309150010841837,0.16888888888888876,0.7333333333333333,225,67.54609407157024,0.22742035475312367,11.25
19009,9,20,0.9,5,random_forest,Random Forest,0.5945808336838376,0.2761618065279537,0.8031124786930246,0.17908867594793854,0.20853164500918697,0.4671361502347418,426,60.703209129916424,0.29644093062519167,21.3
20000,0,20,0.9,5,boosted_trees,Boosted Trees,0.7180165513498847,0.24478245976408486,0.8461131461131461,0.1679279657476602,0.1280965947632614,0.4921875,384,36.23443203356696,0.5273436664389435,19.2
20001,1,20,0.9,5,boosted_trees,Boosted Trees,0.5383290267011198,0.34965605686277235,0.8243540051679586,0.17190923859932727,0.28602497846683883,0.5011600928074246,431,61.79055730974896,0.29076281263988185,21.55
20002,2,20,0.9,5,boosted_trees,Boosted Trees,0.45961350376041277,0.36557508773876407,0.757377491484267,0.2019503986923784,0.29776398772385426,0.5718390804597702,348,77.75613774384163,0.21192261809862323,17.4
20003,3,20,0.9,5,boosted_trees,Boosted Trees,0.8580994416779841,0.15608053406964667,0.9676889995473066,0.06424449419486634,0.10958955786932245,0.42857142857142855,329,26.66839071514004,0.7337671462630518,16.45
20004,4,20,0.9,5,boosted_trees,Boosted Trees,0.3939091435185185,0.4874565539883211,0.8457465277777778,0.16085028104458968,0.4518373842592593,0.425531914893617,376,38.97730054356654,0.48576631157053046,18.8
20005,5,20,0.9,5,boosted_trees,Boosted Trees,0.592101629384148,0.36236015896216245,0.8795912731289699,0.143542200005132,0.2874896437448219,0.5107913669064749,417,35.28507506506476,0.5449888088379634,20.85
20006,6,20,0.9,5,boosted_trees,Boosted Trees,0.6284336338855105,0.299572479817316,0.8280943212794755,0.1686383617911812,0.19966068739396492,0.4543478260869565,460,56.18927955177231,0.3266643191382183,23.0
20007,7,20,0.9,5,boosted_trees,Boosted Trees,0.6726806422836753,0.2772125198843724,0.9404103479036574,0.08545449552246713,0.2677297056199821,0.23694779116465864,498,35.87561339245822,0.5389663497066718,24.9
20008,8,20,0.9,5,boosted_trees,Boosted Trees,0.7676015844620496,0.21158806500027239,0.918572706363404,0.11379754898720285,0.15097112190135442,0.5141242937853108,354,30.562470004540756,0.6337026020252184,17.7
20009,9,20,0.9,5,boosted_trees,Boosted Trees,0.5635379061371841,0.35766415031296767,0.8610740072202165,0.15357899938363112,0.2975361010830324,0.4192872117400419,477,37.903109216989996,0.5069899151586582,23.85
21000,0,20,0.9,20,logistic,Logistic Regression,0.6383104311281107,0.24648818612374235,0.6485101761344855,0.23006049580417112,0.010199745006374772,0.43614457831325304,415,42.42911207010152,0.44460861506544114,20.75
21001,1,20,0.9,20,logistic,Logistic Regression,0.5635139271502908,0.2639928155315508,0.6169407574366252,0.24070923702939392,0.05342683028633444,0.4489795918367347,539,61.95272534457336,0.29673149239664565,26.95
21002,2,20,0.9,20,logistic,Logistic Regression,0.5557492789185932,0.28581921951062744,0.6780317706315382,0.22365082151559465,0.12228249171294503,0.4054669703872437,439,40.930640301757926,0.4642224981218323,21.95
21003,3,20,0.9,20,logistic,Logistic Regression,0.6783174512871569,0.25052500814673584,0.8309628786801309,0.17068055447480676,0.15264542739297393,0.47023809523809523,336,26.34888235620389,0.7437951916832435,16.8
21004,4,20,0.9,20,logistic,Logistic Regression,0.6866628937936239,0.22483814719641226,0.732754826133434,0.20271845546806744,0.04609193233981013,0.6477272727272727,264,49.64015157602763,0.3539570049882627,13.2
21005,5,20,0.9,20,logistic,Logistic Regression,0.40721500721500725,0.31852738239181355,0.49007215007215005,0.2684695076594826,0.0828571428571428,0.40633245382585753,379,30.32988456970149,0.6404415724311944,18.95
21006,6,20,0.9,20,logistic,Logistic Regression,0.8279285048905449,0.17821491711889303,0.892116907312529,0.13051363469077693,0.06418840242198409,0.4021164021164021,378,25.528872734637947,0.7713276114035115,18.9
21007,7,20,0.9,20,logistic,Logistic Regression,0.5931443298969072,0.253689117347471,0.5976030927835051,0.25335505708647865,0.004458762886597856,0.5076142131979695,394,40.45084313702891,0.46739129665880375,19.7
21008,8,20,0.9,20,logistic,Logistic Regression,0.4609331357928739,0.2795258332176658,0.5251256891652296,0.2616875666717772,0.06419255337235569,0.4852216748768473,406,60.09172212409026,0.29825586727607867,20.3
21009,9,20,0.9,20,logistic,Logistic Regression,0.4057460075245336,0.353062453078173,0.5921229182562024,0.2504607856437192,0.18637691073166884,0.4897435897435897,390,78.55056435523808,0.21432188002254568,19.5
22000,0,20,0.9,20,random_forest,Random Forest,0.5881484692718978,0.2543195477081536,0.7419954171053446,0.20736886728860884,0.15384694783344677,0.45475113122171945,442,54.20322767322188,0.33907563697016163,22.1
22001,1,20,0.9,20,random_forest,Random Forest,0.4551587301587301,0.2521328406467331,0.5937996031746031,0.22363613197178966,0.13864087301587302,0.6464646464646465,297,85.26469600886995,0.17929750877193823,14.85
22002,2,20,0.9,20,random_forest,Random Forest,0.3664679582712369,0.30587461514766057,0.6555638350720319,0.23159722403981348,0.28909587680079496,0.45409429280397023,403,37.698413918064354,0.5060107006424217,20.15
22003,3,20,0.9,20,random_forest,Random Forest,0.6738271418503976,0.21825949885899892,0.8823744085371994,0.12981446467021313,0.2085472666868018,0.3737864077669903,412,28.481509679935897,0.6870165989857396,20.6
22004,4,20,0.9,20,random_forest,Random Forest,0.5181347150259067,0.26033828134438425,0.6780906007449488,0.22227947879727034,0.15995588571904207,0.43665158371040724,442,45.93331703167951,0.4086561575588907,22.1
22005,5,20,0.9,20,random_forest,Random Forest,0.5295524908528004,0.26100531932887083,0.6968446070613254,0.21815246535892124,0.16729211620852502,0.5223463687150838,358,49.53804392448176,0.3684478696384379,17.9
22006,6,20,0.9,20,random_forest,Random Forest,0.5016483013339031,0.27651713104240444,0.7613625957693598,0.2023511036057436,0.2597142944354567,0.5,362,51.57696084779658,0.35196711485266907,18.1
22007,7,20,0.9,20,random_forest,Random Forest,0.4525637472283814,0.2846020849131997,0.6040327050997782,0.24069566340866203,0.15146895787139686,0.5380577427821522,381,76.0089582192624,0.22230288403939114,19.05
22008,8,20,0.9,20,random_forest,Random Forest,0.6000737714220861,0.23981705570317136,0.7343283017440321,0.20729946637958796,0.134254530321946,0.4258064516129032,465,54.29030056357506,0.3400029600941956,23.25
22009,9,20,0.9,20,random_forest,Random Forest,0.5321042719793835,0.25766839291934834,0.7337892754485082,0.20003379678667857,0.20168500346912477,0.38311688311688313,462,55.36208938258415,0.3323556907443937,23.1
23000,0,20,0.9,20,boosted_trees,Boosted Trees,0.483619442872414,0.38160287363521117,0.6829319415623886,0.22786370725722344,0.19931249868997458,0.38,450,42.026547394352676,0.4515124510577406,22.5
23001,1,20,0.9,20,boosted_trees,Boosted Trees,0.6999678101719857,0.27815708095862723,0.90563781844937,0.12243597478511875,0.20567000827738424,0.3878504672897196,428,33.52778887323054,0.5767416744230499,21.4
23002,2,20,0.9,20,boosted_trees,Boosted Trees,0.5168261809200371,0.3565123876070003,0.8481205619018216,0.15542742748997748,0.33129438098178454,0.3416666666666667,480,37.374252181413496,0.5149159276239212,24.0
23003,3,20,0.9,20,boosted_trees,Boosted Trees,0.583805169268674,0.39913242251859665,0.861623747364431,0.15155664592057427,0.27781857809575705,0.46359223300970875,412,32.87181493403031,0.5884455965416979,20.6
23004,4,20,0.9,20,boosted_trees,Boosted Trees,0.42080518018018015,0.3994598038331899,0.6479448198198198,0.25582874019878055,0.22713963963963962,0.5092838196286472,377,55.04854028150151,0.32764713197733963,18.85
23005,5,20,0.9,20,boosted_trees,Boosted Trees,0.5208888888888888,0.33539561588708117,0.7352624113475177,0.2159042972136597,0.21437352245862884,0.4891304347826087,460,86.07314694304551,0.19746780201029657,23.0
23006,6,20,0.9,20,boosted_trees,Boosted Trees,0.5797823797823798,0.31176112114285026,0.7306189306189306,0.217354431271876,0.1508365508365508,0.3891509433962264,424,48.10185895661389,0.38686277967590477,21.2
23007,7,20,0.9,20,boosted_trees,Boosted Trees,0.7028631138975966,0.26863548936328707,0.8271264367816094,0.17890606024443897,0.12426332288401276,0.532258064516129,310,50.25358003771291,0.356463085631957,15.5
23008,8,20,0.9,20,boosted_trees,Boosted Trees,0.4838021778584392,0.41474486053797244,0.8802631578947369,0.1483292979773168,0.39646098003629765,0.4882154882154882,297,30.267464290046647,0.63628279705601,14.85
23009,9,20,0.9,20,boosted_trees,Boosted Trees,0.5501830447122702,0.3550983092903046,0.7944963185389329,0.1779779783336289,0.24431327382666268,0.3192389006342495,473,33.70417447163908,0.5754467951972922,23.65
24000,0,20,0.9,100,logistic,Logistic Regression,0.48953662182361735,0.24675871346908965,0.5542234831152192,0.2514407610036296,0.06468686129160184,0.2478920741989882,593,41.925392717703176,0.4587843915018514,29.65
24001,1,20,0.9,100,logistic,Logistic Regression,0.48460009935419773,0.40087672515180295,0.4992548435171385,0.40260750528417244,0.01465474416294077,0.580952380952381,315,69.12671774143568,0.24114229075258622,15.75
24002,2,20,0.9,100,logistic,Logistic Regression,0.6211730535550222,0.32106274253298883,0.6470762573723364,0.3091283015922624,0.025903203817314258,0.44054054054054054,370,36.01930168669201,0.5298440124740171,18.5
24003,3,20,0.9,100,logistic,Logistic Regression,0.7008818342151675,0.28323294538438926,0.7218946837994458,0.2811956499960078,0.021012849584278293,0.4787234042553192,282,29.429300398913448,0.6551364053876952,14.1
24004,4,20,0.9,100,logistic,Logistic Regression,0.676555023923445,0.3071473046411503,0.6938302694535381,0.2922616017961663,0.017275245530093075,0.47619047619047616,399,27.202516969275596,0.721253844672204,19.95
24005,5,20,0.9,100,logistic,Logistic Regression,0.4932088285229202,0.40219676110045527,0.5642331635540464,0.3698111615885781,0.0710243350311262,0.5053191489361702,376,48.637887939763004,0.3781235302363782,18.8
24006,6,20,0.9,100,logistic,Logistic Regression,0.5563103864734299,0.3638560104514613,0.6322841183574879,0.3074404553540184,0.07597373188405798,0.4470842332613391,463,44.26151025231825,0.4271131309257908,23.15
24007,7,20,0.9,100,logistic,Logistic Regression,0.46138247855579084,0.3823361667728017,0.520564906865736,0.3291484110476237,0.059182428309945134,0.38556701030927837,485,47.904673715280346,0.3924418542483736,24.25
24008,8,20,0.9,100,logistic,Logistic Regression,0.49821120157907717,0.398593909064041,0.5424377004687886,0.35308251766612747,0.04422649888971142,0.5346260387811634,361,90.03790804987518,0.17650570910261126,18.05
24009,9,20,0.9,100,logistic,Logistic Regression,0.6615254714325922,0.3043726208991394,0.6503987240829346,0.3034346345227711,-0.011126747349657573,0.4504310344827586,464,34.26288610950644,0.5649707263672127,23.2
25000,0,20,0.9,100,random_forest,Random Forest,0.6887079831932773,0.18906223626844573,0.8565651260504201,0.16034570979402787,0.16785714285714282,0.27851458885941643,377,27.29472231241864,0.7177699724911348,18.85
25001,1,20,0.9,100,random_forest,Random Forest,0.47859634114240596,0.24952285040799826,0.6462391418794419,0.18768736917762585,0.1676428007370359,0.30687830687830686,378,29.953081706892085,0.6491472932931007,18.9
25002,2,20,0.9,100,random_forest,Random Forest,0.620673356602676,0.23260449259923965,0.7217859220477021,0.21375051662038122,0.10111256544502611,0.4692874692874693,407,54.744685067256746,0.3325329028395499,20.35
25003,3,20,0.9,100,random_forest,Random Forest,0.6312861350496346,0.23527447351184025,0.6897567361186865,0.22705363111600252,0.058470601069051886,0.4635416666666667,384,62.29545042185103,0.28374582787261476,19.2
25004,4,20,0.9,100,random_forest,Random Forest,0.2460976547481738,0.2985977004276125,0.5378316032295272,0.2494397987307252,0.29173394848135337,0.47368421052631576,323,35.36406604527321,0.5368689845712026,16.15
25005,5,20,0.9,100,random_forest,Random Forest,0.5476168582375479,0.24414848128572875,0.615632183908046,0.23056019950702195,0.06801532567049806,0.3918918918918919,370,43.54535805411251,0.4283935602310349,18.5
25006,6,20,0.9,100,random_forest,Random Forest,0.6217369727047146,0.24279147809748694,0.8277253928866831,0.1883128690843434,0.2059884201819685,0.44285714285714284,350,33.738280857446476,0.5681195493842132,17.5
25007,7,20,0.9,100,random_forest,Random Forest,0.6648676276942269,0.21741008156642613,0.7837601358375494,0.18514975228222322,0.11889250814332253,0.3797979797979798,495,40.011859284566015,0.4787929314230661,24.75
25008,8,20,0.9,100,random_forest,Random Forest,0.4718994477680626,0.20811894965880345,0.5146974229176253,0.20495615731257957,0.04279797514956274,0.7210884353741497,294,78.17777931942351,0.20150798477709628,14.7
25009,9,20,0.9,100,random_forest,Random Forest,0.6050028918449971,0.23907419502349733,0.6883603238866397,0.22450572368850655,0.08335743204164259,0.489247311827957,372,46.100326345998624,0.4016680223298765,18.6
26000,0,20,0.9,100,boosted_trees,Boosted Trees,0.5374199184624345,0.33686059858737694,0.7232818870122307,0.22190731076930534,0.1858619685497962,0.5024630541871922,406,55.30336543491371,0.32856608161537115,20.3
26001,1,20,0.9,100,boosted_trees,Boosted Trees,0.4551545749189728,0.39472028263855047,0.7211730241834954,0.2273859436528506,0.26601844926452256,0.532033426183844,359,44.666055378536626,0.41518722297565963,17.95
26002,2,20,0.9,100,boosted_trees,Boosted Trees,0.3841694537346711,0.36951652201052076,0.6430960344003822,0.25423065556482927,0.2589265806657111,0.412573673870334,509,52.36157532879307,0.35668174743954784,25.45
26003,3,20,0.9,100,boosted_trees,Boosted Trees,0.4703151986183075,0.3506639836211132,0.8014536557282671,0.1477898908078725,0.3311384571099596,0.27169811320754716,530,31.16421977893828,0.6277130503639369,26.5
26004,4,20,0.9,100,boosted_trees,Boosted Trees,0.49590989684074793,0.34091046218158355,0.7863676660219214,0.19022999742772148,0.2904577691811735,0.38427947598253276,458,42.610053581297805,0.4451432436209457,22.9
26005,5,20,0.9,100,boosted_trees,Boosted Trees,0.6847244515783842,0.28877398139137556,0.7998547733700221,0.18646002921196445,0.11513032179163785,0.3771186440677966,472,35.35947663404179,0.5463988435136014,23.6
26006,6,20,0.9,100,boosted_trees,Boosted Trees,0.4544948820649755,0.3622770659643765,0.6074321317311971,0.2783053974415162,0.15293724966622163,0.49528301886792453,424,55.11414035002849,0.3313428478484139,21.2
26007,7,20,0.9,100,boosted_trees,Boosted Trees,0.42506332676611314,0.308019827687093,0.6144807205178721,0.22648339636195505,0.18941739375175892,0.7110266159695817,263,58.11927759832469,0.2901379988546743,13.15
26008,8,20,0.9,100,boosted_trees,Boosted Trees,0.5711271544054095,0.2956042130962662,0.6889521582185165,0.2404078895991511,0.11782500381310701,0.44611528822055135,399,45.01440274215653,0.41497782063476607,19.95
26009,9,20,0.9,100,boosted_trees,Boosted Trees,0.5243471715592611,0.31108022029419047,0.6499189392623473,0.24562063548538712,0.1255717677030862,0.4293785310734463,531,80.2401450936824,0.2198683010766895,26.55
27000,0,50,0.0,5,logistic,Logistic Regression,0.6502410159391254,0.23366247932197592,0.6816590821406493,0.22301892111467886,0.031418066201523875,0.4517167381974249,932,85.36354815041156,0.5622454168110013,18.64
27001,1,50,0.0,5,logistic,Logistic Regression,0.7365805690310737,0.21149069106646193,0.7465888728639483,0.20440592530309135,0.010008303832874543,0.45265348595213317,961,100.62253156848345,0.46929444804543047,19.22
27002,2,50,0.0,5,logistic,Logistic Regression,0.6599800451609515,0.22518307240160956,0.6611469948129088,0.22484404883368975,0.0011669496519572942,0.5036231884057971,828,97.41411177035387,0.48199197967332547,16.56
27003,3,50,0.0,5,logistic,Logistic Regression,0.6488428053016027,0.22512644999837178,0.6548623981808837,0.2235565731696417,0.006019592879280999,0.4397649363369246,1021,112.80740792784198,0.4145635449984719,20.42
27004,4,50,0.0,5,logistic,Logistic Regression,0.6577896043488807,0.22298541854848647,0.6699815943042219,0.21772914625855141,0.01219198995534121,0.4040778498609824,1079,98.81595786630727,0.4819868310130953,21.58
27005,5,50,0.0,5,logistic,Logistic Regression,0.61362509391435,0.24862537773303903,0.6395642374154771,0.2363524324724724,0.025939143501127027,0.46808510638297873,1034,119.90712492900484,0.3873648769423243,20.68
27006,6,50,0.0,5,logistic,Logistic Regression,0.5749413831963381,0.2435669553490641,0.5521622790854177,0.24826316618722058,-0.022779104110920434,0.5184757505773672,866,110.72907890993396,0.41794672108302217,17.32
27007,7,50,0.0,5,logistic,Logistic Regression,0.6574279111340157,0.21802376370188484,0.6659177960119282,0.21648463532178616,0.008489884877912579,0.37321711568938193,1262,134.53305483250872,0.3457340860381258,25.24
27008,8,50,0.0,5,logistic,Logistic Regression,0.6520791922334572,0.22674584457835206,0.6617009477717282,0.2252408153507689,0.009621755538270937,0.428169014084507,1065,117.29465101620227,0.3980146763412892,21.3
27009,9,50,0.0,5,logistic,Logistic Regression,0.684612983770287,0.2221248779729774,0.6907980877561584,0.22045811699690554,0.006185103985871354,0.47953216374269003,1026,106.65919444648104,0.44156884531240936,20.52
28000,0,50,0.0,5,random_forest,Random Forest,0.5946766849669283,0.25795411037462673,0.7843991830463378,0.18032271166789152,0.18972249807940955,0.39224952741020797,1058,92.66645637651153,0.51673075875592,21.16
28001,1,50,0.0,5,random_forest,Random Forest,0.5690423836158434,0.28135652932314065,0.7613626659835191,0.19217019043458125,0.19232028236767573,0.41225626740947074,1077,103.9677471610146,0.4556466306699186,21.54
28002,2,50,0.0,5,random_forest,Random Forest,0.5462412391887861,0.28237855276502405,0.7612026543393976,0.19739426044028724,0.2149614151506115,0.5167206040992449,927,104.41102099413537,0.44916608316303175,18.54
28003,3,50,0.0,5,random_forest,Random Forest,0.6080804094311758,0.2755160352478634,0.8232333520055678,0.17055525254242185,0.215152942574392,0.4487704918032787,976,83.99415227474894,0.5734263792865681,19.52
28004,4,50,0.0,5,random_forest,Random Forest,0.5963307040187528,0.2643166539086523,0.7314018537027318,0.20963249733737063,0.13507114968397904,0.4900473933649289,1055,121.59706672851236,0.3819003050695269,21.1
28005,5,50,0.0,5,random_forest,Random Forest,0.6478429520210696,0.2484367802930942,0.7678346501774878,0.18793615444188416,0.11999169815641819,0.40931780366056575,1202,117.96530696140576,0.39884706866188085,24.04
28006,6,50,0.0,5,random_forest,Random Forest,0.6081073085797841,0.2626229861403822,0.7625197569159771,0.19924856964269932,0.15441244833619294,0.49229188078108943,973,130.22288985298667,0.35058530317094927,19.46
28007,7,50,0.0,5,random_forest,Random Forest,0.5652040231382562,0.2762603019604261,0.7330501850018241,0.2026923562908633,0.16784616186356782,0.4289667896678967,1084,133.6563093914401,0.3438275688329377,21.68
28008,8,50,0.0,5,random_forest,Random Forest,0.5096437627936818,0.2851020165873612,0.7589731447251841,0.19272267451785763,0.24932938193150223,0.3936806148590948,1171,114.71340725266629,0.4107068815120364,23.42
28009,9,50,0.0,5,random_forest,Random Forest,0.5483533586846738,0.2855326053600405,0.7816592801911837,0.1873719422019345,0.23330592150650986,0.4800469483568075,852,98.51179128934986,0.4768522985351635,17.04
29000,0,50,0.0,5,boosted_trees,Boosted Trees,0.7011809877663536,0.23352211497050332,0.8120221900709705,0.17493111114405388,0.11084120230461691,0.46542827657378744,969,113.70028658596814,0.4092712709208593,19.38
29001,1,50,0.0,5,boosted_trees,Boosted Trees,0.535733046800382,0.3042997000093589,0.7744687201528176,0.1863457062796439,0.23873567335243562,0.5790108564535585,829,113.4205503610337,0.4049474384610752,16.58
29002,2,50,0.0,5,boosted_trees,Boosted Trees,0.5914071073759603,0.2912264751980479,0.7394768382140587,0.20271136724381283,0.1480697308380985,0.43732327992459946,1061,141.381648882639,0.32168694437007106,21.22
29003,3,50,0.0,5,boosted_trees,Boosted Trees,0.5511664947905007,0.3014015989897994,0.7134555183259139,0.21626301756848287,0.1622890235354132,0.4990421455938697,1044,164.04242516861726,0.2698293411174738,20.88
29004,4,50,0.0,5,boosted_trees,Boosted Trees,0.48994517718099473,0.35593623006675357,0.7898458604798984,0.18498851996942953,0.2999006832989036,0.4280078895463511,1014,99.3269368825874,0.4776302421664131,20.28
29005,5,50,0.0,5,boosted_trees,Boosted Trees,0.5626209343583679,0.3132167968873704,0.8164849201655827,0.17532826402015922,0.2538639858072148,0.483695652173913,920,103.63558724604881,0.45271606243200047,18.4
29006,6,50,0.0,5,boosted_trees,Boosted Trees,0.42864041044213064,0.42214076940353246,0.7095291987324581,0.21148259904580438,0.2808887882903275,0.45454545454545453,1034,130.89976712499228,0.3505677701591159,20.68
29007,7,50,0.0,5,boosted_trees,Boosted Trees,0.5221792367788461,0.3501340007847878,0.8162810496794872,0.17270741339297088,0.2941018129006411,0.4507042253521127,1136,107.87713191799291,0.43878907568582604,22.72
29008,8,50,0.0,5,boosted_trees,Boosted Trees,0.5537199386796973,0.3283483610373067,0.7372281306888953,0.20518455562055396,0.183508192009198,0.5349344978165939,916,131.8565290012458,0.34335707759366707,18.32
29009,9,50,0.0,5,boosted_trees,Boosted Trees,0.5991498914204957,0.3040780516353917,0.8200941022370826,0.17246386625455956,0.22094421081658688,0.44685242518059853,969,99.10932676689933,0.4775343770960515,19.38
30000,0,50,0.0,20,logistic,Logistic Regression,0.6908703615225353,0.22285127347960215,0.715631469979296,0.2096089830572551,0.024761108456760716,0.412573673870334,1018,85.79868297179213,0.5612078508294585,20.36
30001,1,50,0.0,20,logistic,Logistic Regression,0.6940816383316175,0.22078338503971381,0.682834803416901,0.22487301807815063,-0.011246834914716564,0.5106132075471698,848,90.89796493217514,0.5218760497477308,16.96
30002,2,50,0.0,20,logistic,Logistic Regression,0.6128681960092303,0.24324135517464684,0.6372150992756395,0.23249198898565704,0.024346903266409203,0.417,1000,102.43042168301058,0.4611960328362317,20.0
30003,3,50,0.0,20,logistic,Logistic Regression,0.6542637711864406,0.23899198379079936,0.6766846637506834,0.22613120180677865,0.022420892564242734,0.512396694214876,968,116.43517792167576,0.3983463338561608,19.36
30004,4,50,0.0,20,logistic,Logistic Regression,0.6276982935080622,0.2383378840027303,0.6328450261612215,0.23597068187954673,0.005146732653159347,0.5528735632183908,870,98.42481923704088,0.4780020678157061,17.4
30005,5,50,0.0,20,logistic,Logistic Regression,0.5000645127993394,0.2640039453121051,0.5661449731626754,0.24514156890618016,0.06608046036333604,0.5642317380352645,794,114.76562356733972,0.39774516197063947,15.88
30006,6,50,0.0,20,logistic,Logistic Regression,0.6867601560398171,0.22583691693093416,0.6939652273338716,0.22223333986376673,0.007205071294054455,0.48360655737704916,976,119.67011349531971,0.3863798025383785,19.52
30007,7,50,0.0,20,logistic,Logistic Regression,0.6533402172937057,0.23502730055738627,0.6830923947203016,0.22312299971963465,0.02975217742659586,0.45358649789029537,948,113.25332502109751,0.4103905994326241,18.96
30008,8,50,0.0,20,logistic,Logistic Regression,0.6112122159979526,0.23885040013140535,0.6328205419853841,0.23175418321538452,0.021608325987431454,0.42131557035803496,1201,158.3870694959704,0.2859552431349995,24.02
30009,9,50,0.0,20,logistic,Logistic Regression,0.5962156103717517,0.24873148801599224,0.5957776459175119,0.24544820743713272,-0.00043796445423982533,0.5427027027027027,925,105.74348231369308,0.44271908896120277,18.5
31000,0,50,0.0,20,random_forest,Random Forest,0.5486449070253511,0.2544244802856453,0.7169459890944709,0.21803305373876333,0.16830108206911987,0.48380765456329733,1019,124.10499679897447,0.37207375969129747,20.38
31001,1,50,0.0,20,random_forest,Random Forest,0.5732200736445219,0.24647519217332675,0.6371711904394417,0.22450682627306406,0.06395111679491983,0.5093896713615024,852,107.22597282137231,0.43303217249536036,17.04
31002,2,50,0.0,20,random_forest,Random Forest,0.5714605848696758,0.2516619808116654,0.6609726636999365,0.22938669557082514,0.08951207883026069,0.4622222222222222,1125,160.86320874005546,0.27876835255085186,22.5
31003,3,50,0.0,20,random_forest,Random Forest,0.6735276148220207,0.18070863171658827,0.7492659576361166,0.15635732228904378,0.07573834281409586,0.27876447876447874,1295,81.50777443645094,0.5979138538578245,25.9
31004,4,50,0.0,20,random_forest,Random Forest,0.4994784141704438,0.2664251975424992,0.6245390485231297,0.23786617012847106,0.12506063435268588,0.5125570776255708,876,120.59636414140095,0.3791707375729321,17.52
31005,5,50,0.0,20,random_forest,Random Forest,0.5915394772885308,0.2445742433659297,0.6659461414734535,0.22405652393648157,0.0744066641849227,0.44,1075,132.1683294148788,0.3479788918619168,21.5
31006,6,50,0.0,20,random_forest,Random Forest,0.6256856912212454,0.22591220536571088,0.696771927817293,0.21298974341904675,0.07108623659604763,0.4,1145,94.65394971407618,0.5066984210088232,22.9
31007,7,50,0.0,20,random_forest,Random Forest,0.5572232645403377,0.2529525772785596,0.6394790663083346,0.23068082966494932,0.08225580176799696,0.5658823529411765,850,152.7115203343379,0.2853781422887491,17.0
31008,8,50,0.0,20,random_forest,Random Forest,0.4650109270986457,0.2814892924884955,0.629191282914042,0.2360840317968099,0.1641803558153963,0.49527186761229314,846,98.75789126994209,0.47527663646917373,16.92
31009,9,50,0.0,20,random_forest,Random Forest,0.6418571836986895,0.2370521324509784,0.7541385002720574,0.20558950212617103,0.11228131657336793,0.4705251875669882,933,85.20607487755142,0.5634158256342131,18.66
32000,0,50,0.0,20,boosted_trees,Boosted Trees,0.7062887656602999,0.24605863581678833,0.8083631135756829,0.18097099790282686,0.10207434791538306,0.45408678102926336,991,104.74319014805717,0.44958743915535226,19.82
32001,1,50,0.0,20,boosted_trees,Boosted Trees,0.5210005020767721,0.36369747445069683,0.7923684330640376,0.1844250126424787,0.2713679309872655,0.4244984160506864,947,96.56590594724017,0.49090155167824545,18.94
32002,2,50,0.0,20,boosted_trees,Boosted Trees,0.5405814657783161,0.30011223534835096,0.7223216416129802,0.20905863896295568,0.18174017583466406,0.5421558164354322,937,123.5070073866695,0.3712860242466296,18.74
32003,3,50,0.0,20,boosted_trees,Boosted Trees,0.5806670733059776,0.28816909916255407,0.7276255960962625,0.21224526001378244,0.14695852279028498,0.4721189591078067,1076,122.05993271331604,0.3808645993754001,21.52
32004,4,50,0.0,20,boosted_trees,Boosted Trees,0.5294557500422118,0.34650765632546054,0.8101919226841838,0.17730268920982115,0.28073617264197204,0.4476570289132602,1003,92.76266684288218,0.5148236887122857,20.06
32005,5,50,0.0,20,boosted_trees,Boosted Trees,0.6758233751092975,0.2746594814702226,0.8864195731727064,0.135887770896741,0.2105961980634089,0.4200595829195631,1007,77.45887206357261,0.6269826282256257,20.14
32006,6,50,0.0,20,boosted_trees,Boosted Trees,0.49494872097135445,0.32340965127872506,0.7770600023576565,0.18729959958890502,0.28211128138630204,0.5947556615017878,839,105.83027422092043,0.43902333382951414,16.78
32007,7,50,0.0,20,boosted_trees,Boosted Trees,0.5569231660343479,0.3192217262110361,0.7354011603772673,0.20796467087903758,0.17847799434291944,0.4807903402854007,911,125.03863600013351,0.3650260199009882,18.22
32008,8,50,0.0,20,boosted_trees,Boosted Trees,0.6301894294686187,0.290951315000798,0.8197361445291791,0.1754118660723532,0.18954671506056042,0.4898419864559819,886,89.1818094131612,0.5343756833338007,17.72
32009,9,50,0.0,20,boosted_trees,Boosted Trees,0.6439369055439719,0.2897316826960832,0.7917083202422097,0.18354268972966284,0.14777141469823785,0.41527001862197394,1074,97.68110899036823,0.48803521318313775,21.48
33000,0,50,0.0,100,logistic,Logistic Regression,0.629777975572368,0.26476000559521573,0.6359466943579093,0.26385360757620024,0.006168718785541261,0.5310173697270472,806,106.79867604612355,0.4329966954506249,16.12
33001,1,50,0.0,100,logistic,Logistic Regression,0.5009811888531268,0.27878697136408215,0.54257791846019,0.2638073811716048,0.041596729607063176,0.37249544626593806,1098,88.40332977210471,0.5448638664663049,21.96
33002,2,50,0.0,100,logistic,Logistic Regression,0.5083256497374946,0.29581139870355927,0.5052943132970416,0.29511099529008195,-0.0030313364404530585,0.5256147540983607,976,137.45217285199396,0.32940883719541114,19.52
33003,3,50,0.0,100,logistic,Logistic Regression,0.6094842435910426,0.26501721050005106,0.5898991068714445,0.27347277044871293,-0.01958513671959805,0.4562363238512035,914,98.3916041703928,0.4797112552622241,18.28
33004,4,50,0.0,100,logistic,Logistic Regression,0.5326289933020734,0.29264998707441736,0.5658355515174205,0.27268384518784683,0.033206558215347126,0.49893162393162394,936,114.82620543419094,0.40358066424774536,18.72
33005,5,50,0.0,100,logistic,Logistic Regression,0.5285722854400877,0.2921033509904845,0.56005792432136,0.2770532666209183,0.031485638881272315,0.46233230134158926,969,131.5273757383779,0.3464247860184489,19.38
33006,6,50,0.0,100,logistic,Logistic Regression,0.5047482332155477,0.2878270409774632,0.5075640459363957,0.2889595430442124,0.0028158127208479655,0.4418145956607495,1014,132.3996995626699,0.3453645046984664,20.28
33007,7,50,0.0,100,logistic,Logistic Regression,0.4422407120743034,0.32024968656529945,0.48540468819106586,0.2998787180421573,0.04316397611676248,0.4892703862660944,932,113.3625713558925,0.4093768952288257,18.64
33008,8,50,0.0,100,logistic,Logistic Regression,0.48092468860843024,0.3248580510321896,0.5300307267178092,0.2897273802600805,0.04910603810937891,0.49035187287173665,881,105.82897403735947,0.4407191544535412,17.62
33009,9,50,0.0,100,logistic,Logistic Regression,0.5797516573837476,0.26955587655297275,0.603161098877807,0.2572467451952471,0.023409441494059435,0.4441602728047741,1173,143.12872787338657,0.3203659718433253,23.46
34000,0,50,0.0,100,random_forest,Random Forest,0.3994738851881709,0.2688763170804018,0.4853663710806568,0.25474317177932576,0.08589248589248588,0.5046343975283213,971,131.91969318901016,0.3453061154648673,19.42
34001,1,50,0.0,100,random_forest,Random Forest,0.40465428690179317,0.2711585491829348,0.6766046194038713,0.22620462637853367,0.2719503325020781,0.5440976933514247,737,81.81911507721378,0.5828002206505835,14.74
34002,2,50,0.0,100,random_forest,Random Forest,0.5251547021982683,0.23851439486505865,0.5850799710557177,0.2283893809867149,0.05992526885744942,0.37435897435897436,1170,109.1690520034835,0.4338090658020831,23.4
34003,3,50,0.0,100,random_forest,Random Forest,0.6298046933479714,0.22959426539836872,0.7203141374320076,0.21352221257219098,0.09050944408403616,0.4017316017316017,1155,101.36451627085324,0.47034026794945794,23.1
34004,4,50,0.0,100,random_forest,Random Forest,0.48253378239618844,0.25142644107861967,0.5759282457797675,0.2364898941963224,0.0933944633835791,0.43595505617977526,890,96.41072538554155,0.4899605996468652,17.8
34005,5,50,0.0,100,random_forest,Random Forest,0.5282218669508837,0.24911203221209094,0.5898811814745734,0.2391477575036649,0.06165931452368967,0.5382059800664452,903,124.64571585692221,0.3660335864762911,18.06
34006,6,50,0.0,100,random_forest,Random Forest,0.6266351540616246,0.23975150560911318,0.7648424369747899,0.20918852015521214,0.1382072829131653,0.5284015852047557,757,80.10704233518095,0.5975852770210545,15.14
34007,7,50,0.0,100,random_forest,Random Forest,0.5442684275356232,0.2469252909197453,0.5861450547297108,0.24257060197315833,0.04187662719408758,0.45251396648044695,1074,131.45030598135153,0.35011660060177763,21.48
34008,8,50,0.0,100,random_forest,Random Forest,0.49906395855772684,0.24961622374970507,0.6511322254705851,0.22586310513489358,0.1520682669128583,0.40853658536585363,984,80.10757257162022,0.6040408419118701,19.68
34009,9,50,0.0,100,random_forest,Random Forest,0.5323125393824827,0.24853817890797575,0.6067317790380172,0.2355977071223677,0.07441923965553454,0.4186046511627907,989,92.82188567431317,0.5141008938535779,19.78
35000,0,50,0.0,100,boosted_trees,Boosted Trees,0.5325558053637386,0.317723047216249,0.5897261923879878,0.26104510860320035,0.05717038702424926,0.4794794794794795,999,145.6039062421375,0.3088029327290406,19.98
35001,1,50,0.0,100,boosted_trees,Boosted Trees,0.5212332340418371,0.3059816585411641,0.7356658420423756,0.20518094463171524,0.21443260800053854,0.389087656529517,1118,103.33904545542394,0.4596796251390888,22.36
35002,2,50,0.0,100,boosted_trees,Boosted Trees,0.5569372131335288,0.282161209833037,0.650456783924025,0.24029414403751587,0.09351957079049611,0.49422875131164745,953,159.45381178409815,0.2755621460021545,19.06
35003,3,50,0.0,100,boosted_trees,Boosted Trees,0.5888952565685064,0.3195187111831869,0.7725654646446836,0.19715044122725597,0.18367020807617718,0.5023474178403756,852,92.82392488412421,0.5098920273594315,17.04
35004,4,50,0.0,100,boosted_trees,Boosted Trees,0.42544562051679313,0.3595412876158144,0.6276154367565232,0.2387042626063026,0.20216981623973007,0.4288443170964661,1047,113.22647657424302,0.41358845633219554,20.94
35005,5,50,0.0,100,boosted_trees,Boosted Trees,0.6940774886217762,0.2381157362702778,0.7261582448360369,0.22027743155179536,0.03208075621426065,0.542719614921781,831,110.95875710130487,0.41544617040417225,16.62
35006,6,50,0.0,100,boosted_trees,Boosted Trees,0.4590909090909091,0.35477909769887217,0.698444976076555,0.2277278070333501,0.23935406698564587,0.4616998950682057,953,117.88124980356588,0.39227059749902143,19.06
35007,7,50,0.0,100,boosted_trees,Boosted Trees,0.6744746227709191,0.2598466072949047,0.7921920438957477,0.18759187615038844,0.11771742112482864,0.5263157894736842,855,97.40268932387039,0.48310507552727694,17.1
35008,8,50,0.0,100,boosted_trees,Boosted Trees,0.5406147597729266,0.3043666956505549,0.6773434254857619,0.22441786022935792,0.13672866571283526,0.620457604306864,743,127.96841187173787,0.3467619298308085,14.86
35009,9,50,0.0,100,boosted_trees,Boosted Trees,0.7258384424219924,0.23097334041062803,0.7765246156058826,0.1981225696554608,0.05068617318389024,0.4382940108892922,1102,114.23721802318978,0.4109597650963354,22.04
36000,0,50,0.6,5,logistic,Logistic Regression,0.6186275170045121,0.23763641872762725,0.6480739443733585,0.22867955537035756,0.029446427368846395,0.43585077343039125,1099,127.66893947090526,0.36264069793276904,21.98
36001,1,50,0.6,5,logistic,Logistic Regression,0.6435029405740702,0.233567490983675,0.6617864353220002,0.22446650170700633,0.018283494747930007,0.4552380952380952,1050,114.45490310663224,0.4086959455209029,21.0
36002,2,50,0.6,5,logistic,Logistic Regression,0.6259078479226088,0.23964026716431355,0.6580218961647408,0.22984648003700783,0.03211404824213204,0.4707182320441989,905,119.5141148064201,0.38434662852789925,18.1
36003,3,50,0.6,5,logistic,Logistic Regression,0.5672672383338151,0.25448160936641523,0.6415036772971063,0.22671545040650548,0.07423643896329124,0.5952712100139083,719,112.87276947986545,0.40134559501698597,14.38
36004,4,50,0.6,5,logistic,Logistic Regression,0.39260884055836737,0.2560426993670583,0.5015889132608375,0.2401110038532617,0.10898007270247018,0.3909702209414025,1041,102.63970638687145,0.46126507325906213,20.82
36005,5,50,0.6,5,logistic,Logistic Regression,0.577527695428304,0.24044887729353137,0.6033345035626984,0.2346520287615885,0.0258068081343944,0.41171251109139306,1127,112.66415073633024,0.41797502127964065,22.54
36006,6,50,0.6,5,logistic,Logistic Regression,0.6102316726897263,0.2430798230726191,0.6488255033557047,0.23148701311538744,0.038593830665978324,0.4659498207885305,1116,127.1886475226984,0.36465140757698805,22.32
36007,7,50,0.6,5,logistic,Logistic Regression,0.554460632984464,0.23964116980377284,0.5721268478779208,0.23806310325788935,0.017666214893456766,0.4052173913043478,1150,114.2542978526801,0.41205758542501164,23.0
36008,8,50,0.6,5,logistic,Logistic Regression,0.681375442739079,0.22294131535165798,0.6787110309837583,0.223741518993182,-0.002664411755320728,0.48303393213572854,1002,113.11247896185579,0.41273314306753717,20.04
36009,9,50,0.6,5,logistic,Logistic Regression,0.6424022470056565,0.23505639477279994,0.6526170930449618,0.23119782939551864,0.010214846039305336,0.49270833333333336,960,87.21470739137823,0.5498526256863563,19.2
37000,0,50,0.6,5,random_forest,Random Forest,0.4020476902686074,0.3307979798542667,0.7453641216454481,0.19951749730539092,0.34331643137684065,0.5773447015834349,821,128.6649989848267,0.3489566614906612,16.42
37001,1,50,0.6,5,random_forest,Random Forest,0.5022207889927981,0.3131892641089978,0.8088939051918735,0.18086610779679183,0.30667311619907545,0.45764462809917356,968,104.85725107415414,0.44834412320412137,19.36
37002,2,50,0.6,5,random_forest,Random Forest,0.4813123610914078,0.311791985631,0.8085721378918995,0.17938119190192894,0.32725977680049173,0.5151883353584447,823,99.52272542105177,0.4702113886744589,16.46
37003,3,50,0.6,5,random_forest,Random Forest,0.6534193176281063,0.24901538073377008,0.8229408021002178,0.16784676974272358,0.16952148447211146,0.4938684503901895,897,102.19571038628965,0.459107227260778,17.94
37004,4,50,0.6,5,random_forest,Random Forest,0.48832148531667763,0.2979037251399886,0.7025805391190005,0.21189537113443874,0.2142590538023229,0.42857142857142855,1092,120.10576893583533,0.38829108696795145,21.84
37005,5,50,0.6,5,random_forest,Random Forest,0.42050937064708116,0.31212775894554096,0.7442921362542738,0.1914546666661535,0.32378276560719266,0.3627031650983747,1169,98.84114513983788,0.4837827721878589,23.38
37006,6,50,0.6,5,random_forest,Random Forest,0.5591246290801187,0.27848899347424444,0.8441478958726734,0.1602087655178062,0.28502326679255463,0.39497307001795334,1114,82.15059122034626,0.5902472912988966,22.28
37007,7,50,0.6,5,random_forest,Random Forest,0.5480385412420166,0.2997128784950575,0.8164938340807175,0.17609289615447835,0.26845529283870095,0.45790554414784396,974,95.30687694509686,0.49889714880730623,19.48
37008,8,50,0.6,5,random_forest,Random Forest,0.522445545382332,0.2830803785799386,0.754658082138328,0.198561064029291,0.23221253675599596,0.4338575393154487,1081,130.3587799435654,0.35366142573333226,21.62
37009,9,50,0.6,5,random_forest,Random Forest,0.6241211894196969,0.2602880342660202,0.7845641483701186,0.1881346117755836,0.1604429589504217,0.48630887185104055,913,98.68907798329468,0.478057765201524,18.26
38000,0,50,0.6,5,boosted_trees,Boosted Trees,0.5485393454608947,0.3070745331333622,0.8637559064569988,0.14813425660360238,0.3152165609961042,0.5710982658959538,865,100.61325221787567,0.4660906139920913,17.3
38001,1,50,0.6,5,boosted_trees,Boosted Trees,0.6510948004687597,0.2859145589752684,0.8739324410452518,0.14535252875211752,0.22283764057649214,0.4706477732793522,988,97.30746133074949,0.4879202443837319,19.76
38002,2,50,0.6,5,boosted_trees,Boosted Trees,0.5525067727085959,0.31065053387271574,0.7687389878195707,0.1933971151705743,0.2162322151109748,0.4762348555452004,1073,133.36821091907908,0.34434972972738115,21.46
38003,3,50,0.6,5,boosted_trees,Boosted Trees,0.4598315158659986,0.36436998412666816,0.7347111700559975,0.2068361281053069,0.27487965418999893,0.4727272727272727,990,130.83591040112256,0.3492941455579391,19.8
38004,4,50,0.6,5,boosted_trees,Boosted Trees,0.5770146833709313,0.2893689719235074,0.7524623348372543,0.20364647303659156,0.17544765146632302,0.4798206278026906,892,132.21669088552423,0.3412411352773031,17.84
38005,5,50,0.6,5,boosted_trees,Boosted Trees,0.5871893097864231,0.3186726065871578,0.8515117414335959,0.15503016801734493,0.26432243164717273,0.42367906066536204,1022,91.15847618514057,0.5252697986929049,20.44
38006,6,50,0.6,5,boosted_trees,Boosted Trees,0.4136615583733494,0.39588478259016724,0.7592919980492198,0.19795363027392726,0.34563043967587037,0.4188034188034188,936,117.11435697127118,0.39459302229644555,18.72
38007,7,50,0.6,5,boosted_trees,Boosted Trees,0.4534635528770269,0.3860083801021841,0.796947194719472,0.1831058711190082,0.34348364184244506,0.47776726584673607,1057,117.34871372102708,0.3975840128705543,21.14
38008,8,50,0.6,5,boosted_trees,Boosted Trees,0.7001528364649824,0.25924679385848315,0.894646228535467,0.13153670657095817,0.19449339207048466,0.4809322033898305,944,88.18453415911276,0.5427754436981899,18.88
38009,9,50,0.6,5,boosted_trees,Boosted Trees,0.5164772029003318,0.34933054006779785,0.8462148211871697,0.15315694347906697,0.3297376182868379,0.5105328376703842,807,95.55154441618159,0.49179018248592177,16.14
39000,0,50,0.6,20,logistic,Logistic Regression,0.5380829115263958,0.26762134650529,0.6022055851729248,0.24503653581061807,0.06412267364652902,0.5109649122807017,912,111.49480257832461,0.41645901887781295,18.24
39001,1,50,0.6,20,logistic,Logistic Regression,0.7212978721327159,0.20019406664397996,0.7349163529155265,0.1936994107502082,0.013618480782810582,0.3767482517482518,1144,95.55599088834886,0.5014642815787711,22.88
39002,2,50,0.6,20,logistic,Logistic Regression,0.5228505649792268,0.2565143909765531,0.5606340469448782,0.24497266447526156,0.0377834819656514,0.4263877715205149,1243,134.5094361966824,0.3453892440181449,24.86
39003,3,50,0.6,20,logistic,Logistic Regression,0.5247937012642895,0.2723009207772058,0.5872984328866682,0.2472733012542124,0.06250473162237868,0.4826086956521739,920,114.00147837616005,0.4063259071384063,18.4
39004,4,50,0.6,20,logistic,Logistic Regression,0.7076923076923077,0.22203183632119075,0.7240928331630418,0.21218182527485716,0.016400525470734117,0.4867149758454106,828,103.78978772322309,0.4484359568452642,16.56
39005,5,50,0.6,20,logistic,Logistic Regression,0.4858750738186127,0.2658347019910688,0.5365078874946446,0.2549120133709107,0.050632813676031896,0.5,1018,124.27932846548843,0.3714475962912456,20.36
39006,6,50,0.6,20,logistic,Logistic Regression,0.6967734094366971,0.21541706527010446,0.7016844171160547,0.2120651869546753,0.004911007679357593,0.4198952879581152,955,89.37187376639172,0.5351209092969971,19.1
39007,7,50,0.6,20,logistic,Logistic Regression,0.5655318913711276,0.2514172360401803,0.585183167104941,0.24280022429608455,0.019651275733813423,0.4354679802955665,1015,123.81735901762778,0.37293047387297046,20.3
39008,8,50,0.6,20,logistic,Logistic Regression,0.5590511561039895,0.256009731763135,0.5877021684437522,0.24102797572903784,0.02865101233976275,0.5908543922984356,831,163.08339075811648,0.26219927181744074,16.62
39009,9,50,0.6,20,logistic,Logistic Regression,0.6627405002405001,0.22705103034267468,0.6624609187109187,0.22694167232045764,-0.0002795815295814075,0.4241645244215938,1167,131.05298979172204,0.3538404179580498,23.34
40000,0,50,0.6,20,random_forest,Random Forest,0.5133234067897559,0.25561771456030447,0.6156253722453842,0.2378515408507982,0.10230196545562831,0.5575757575757576,825,120.99550655413321,0.37538290496864307,16.5
40001,1,50,0.6,20,random_forest,Random Forest,0.6430563216277502,0.23476935634536952,0.7270676288533432,0.20821860141770962,0.08401130722559302,0.43023255813953487,1032,113.78232664097293,0.4108935784725266,20.64
40002,2,50,0.6,20,random_forest,Random Forest,0.4951010065042966,0.2648812544270478,0.6486759958220576,0.2289414134271591,0.15357498931776098,0.5734939759036145,830,106.656264045945,0.43474416263266724,16.6
40003,3,50,0.6,20,random_forest,Random Forest,0.48762083936324163,0.26543805787979746,0.6048784370477569,0.23553126504293467,0.11725759768451527,0.41981528127623846,1191,119.98296190910887,0.3911660557498712,23.82
40004,4,50,0.6,20,random_forest,Random Forest,0.7181760362372797,0.19198386369036854,0.7495152333085133,0.17889621849862372,0.03133919707123367,0.56353591160221,724,96.52886722655624,0.48222158775527413,14.48
40005,5,50,0.6,20,random_forest,Random Forest,0.5897969137186237,0.2443446756000391,0.6650530435678236,0.22565492244136942,0.07525612984919983,0.44165946413137425,1157,134.1162654181327,0.34448253194108697,23.14
40006,6,50,0.6,20,random_forest,Random Forest,0.5527797670810101,0.27020037736585484,0.6879422647364741,0.22152571249844963,0.13516249765546406,0.4654994850669413,971,106.93493972479325,0.43866924716421507,19.42
40007,7,50,0.6,20,random_forest,Random Forest,0.510514590924036,0.26420114145156093,0.6540350665297825,0.23007499154260316,0.14352047560574654,0.5224153705397987,1093,151.53665893179058,0.2978320303930809,21.86
40008,8,50,0.6,20,random_forest,Random Forest,0.6008912799100691,0.2435053905330862,0.726851958062814,0.21120099615041857,0.12596067815274492,0.5682087781731909,843,116.67442904219533,0.39251157360323125,16.86
40009,9,50,0.6,20,random_forest,Random Forest,0.5890450100153176,0.25239089639750456,0.7527247555084247,0.20763077629658622,0.16367974549310704,0.5024271844660194,824,80.03478544990163,0.600486002575376,16.48
41000,0,50,0.6,20,boosted_trees,Boosted Trees,0.5586338544085023,0.3279249587381398,0.8178248981065882,0.17426771724409287,0.2591910436980859,0.43968432919954903,887,96.13136693709406,0.4914550247070942,17.74
41001,1,50,0.6,20,boosted_trees,Boosted Trees,0.4709048938134811,0.35238881229290286,0.7527023699599876,0.19789238135819498,0.2817974761465065,0.4098360655737705,1159,115.40471845936324,0.40770590274647905,23.18
41002,2,50,0.6,20,boosted_trees,Boosted Trees,0.5409397868414261,0.33391440893744356,0.7377438688914099,0.21116494060532634,0.1968040820499838,0.47026431718061673,908,115.26875987744563,0.4007717204879917,18.16
41003,3,50,0.6,20,boosted_trees,Boosted Trees,0.48550094350748907,0.28584636457903945,0.7078370090812596,0.1931066258220629,0.2223360655737705,0.6370757180156658,766,112.21099184735183,0.4068733039630242,15.32
41004,4,50,0.6,20,boosted_trees,Boosted Trees,0.5421844136559124,0.3164015146444862,0.8036332179930795,0.1773263020448134,0.2614488043371671,0.40625,1088,92.61861323922672,0.5176829862835908,21.76
41005,5,50,0.6,20,boosted_trees,Boosted Trees,0.5683937155208568,0.32512490195317784,0.795636136830446,0.18503231382500304,0.22724242130958916,0.5168018539976825,863,114.50273125165299,0.4020257146292515,17.26
41006,6,50,0.6,20,boosted_trees,Boosted Trees,0.6707846765949846,0.26146351724416617,0.7829133621885367,0.193927983708851,0.11212868559355205,0.49610136452241715,1026,121.09445930274825,0.38282400434613684,20.52
41007,7,50,0.6,20,boosted_trees,Boosted Trees,0.49404187073187555,0.31932124069119644,0.7250508725943298,0.21267059198696422,0.2310090018624542,0.5495867768595041,968,133.08043161099178,0.3417100581584611,19.36
41008,8,50,0.6,20,boosted_trees,Boosted Trees,0.6078280077463084,0.2893190698572098,0.7326464536431857,0.2041257958803603,0.1248184458968773,0.5853658536585366,738,113.31855683632452,0.4006260047999659,14.76
41009,9,50,0.6,20,boosted_trees,Boosted Trees,0.5665596622129677,0.29423932447818657,0.7925921105905489,0.18041379050945464,0.22603244837758119,0.5963060686015831,758,107.15142085232202,0.42896195255793745,15.16
42000,0,50,0.6,100,logistic,Logistic Regression,0.5558479969044636,0.28488502964634227,0.5822213538374307,0.2696462014472908,0.02637335693296705,0.49021526418786693,1022,140.0933853915293,0.3238237584758156,20.44
42001,1,50,0.6,100,logistic,Logistic Regression,0.5481010071054435,0.2890840075617913,0.5727115702909905,0.2679960815343735,0.024610563185546996,0.43353174603174605,1008,98.97593774987007,0.4793472601894305,20.16
42002,2,50,0.6,100,logistic,Logistic Regression,0.529723118449632,0.29300594237281957,0.5876861868511137,0.26420258192180374,0.05796306840148169,0.6172680412371134,776,142.8513744168168,0.3052492663933905,15.52
42003,3,50,0.6,100,logistic,Logistic Regression,0.5961740159962937,0.26412507122080575,0.6015565178783999,0.2592716860466464,0.005382501882106205,0.411297440423654,1133,122.18606976825306,0.38193641784893206,22.66
42004,4,50,0.6,100,logistic,Logistic Regression,0.4967338626520932,0.2767600424662344,0.49300628995669216,0.2787685064559458,-0.003727572695401027,0.4107424960505529,1266,143.26957661754727,0.32222404342322075,25.32
42005,5,50,0.6,100,logistic,Logistic Regression,0.6605773195876288,0.24886541661697548,0.6563411433926898,0.2523889827757425,-0.00423617619493899,0.46859903381642515,1035,111.77233063200332,0.4192839894622776,20.7
42006,6,50,0.6,100,logistic,Logistic Regression,0.5703692183089085,0.262054371846852,0.5446630318040696,0.26888515497978416,-0.025706186504838913,0.4053826745164003,1189,126.10308329157657,0.3700085179407216,23.78
42007,7,50,0.6,100,logistic,Logistic Regression,0.47637415266725613,0.30569466765008524,0.5294061302681992,0.2832068829536599,0.053031977600943025,0.4990403071017274,1042,152.1849106564094,0.2947043217407444,20.84
42008,8,50,0.6,100,logistic,Logistic Regression,0.6100208570345089,0.26321639455339496,0.6260152003539375,0.2544228956488717,0.015994343319428617,0.4243614931237721,1018,108.71977573101165,0.43200009765569497,20.36
42009,9,50,0.6,100,logistic,Logistic Regression,0.6391000220312844,0.2634413364412222,0.647951090548579,0.25755362039418495,0.008851068517294669,0.4783118405627198,853,89.27134417474772,0.532698496511964,17.06
43000,0,50,0.6,100,random_forest,Random Forest,0.6094727507255724,0.2418459501511751,0.6401026550575084,0.2365766103395153,0.03062990433193602,0.5133256083429896,863,127.55673843265669,0.3545889730662853,17.26
43001,1,50,0.6,100,random_forest,Random Forest,0.6078144809128047,0.24048890759228655,0.6322567439075926,0.2359138036695463,0.02444226299478791,0.480083857442348,954,112.55306311023415,0.4134956917236408,19.08
43002,2,50,0.6,100,random_forest,Random Forest,0.5432851650536922,0.25030046150485125,0.6782130279153146,0.22795177365711364,0.1349278628616224,0.5239808153477218,834,87.69237172282568,0.5427627150171599,16.68
43003,3,50,0.6,100,random_forest,Random Forest,0.5902014371443394,0.242416900452752,0.6204864557929008,0.23687279733033867,0.03028501864856148,0.4647177419354839,992,101.72375857729931,0.4645382576411444,19.84
43004,4,50,0.6,100,random_forest,Random Forest,0.6465887581269031,0.23547753855746537,0.6897978218527968,0.2291218495065744,0.043209063725893726,0.49063231850117095,854,115.1323190332736,0.3991015123555788,17.08
43005,5,50,0.6,100,random_forest,Random Forest,0.5475461839895504,0.24035749021908603,0.6282608695652174,0.23002267489007105,0.08071468557566708,0.4031141868512111,1156,111.69034544524848,0.42269638751894767,23.12
43006,6,50,0.6,100,random_forest,Random Forest,0.505608364205717,0.2503102853070642,0.6302329759837095,0.2331799802720236,0.12462461177799256,0.4218590398365679,979,90.6503936153755,0.527434471324637,19.58
43007,7,50,0.6,100,random_forest,Random Forest,0.45497057406387664,0.2596553081803311,0.6116443247522027,0.23603904909126544,0.156673750688326,0.4699792960662526,966,126.05899166587952,0.3637051804817113,19.32
43008,8,50,0.6,100,random_forest,Random Forest,0.551913803496082,0.24313080498355896,0.6903003817560779,0.22164374161855555,0.1383865782599959,0.5851851851851851,810,113.03716603304274,0.40564373323671565,16.2
43009,9,50,0.6,100,random_forest,Random Forest,0.5524839188520535,0.24464343858212528,0.6503892462477321,0.23000016577009522,0.09790532739567859,0.42152466367713004,1115,128.8213530383932,0.3594083271249592,22.3
44000,0,50,0.6,100,boosted_trees,Boosted Trees,0.5400846304972042,0.2933216800704214,0.6605077829832251,0.2331241776257028,0.12042315248602087,0.43917169974115616,1159,125.20076929954698,0.37227825145874466,23.18
44001,1,50,0.6,100,boosted_trees,Boosted Trees,0.6637960993381783,0.2240791270405339,0.7483740877515248,0.19426853489533855,0.08457798841334652,0.38045540796963945,1054,97.64057873817084,0.4877834793045883,21.08
44002,2,50,0.6,100,boosted_trees,Boosted Trees,0.7119006849315068,0.23467792325831177,0.7846846129340554,0.18316388696045663,0.07278392800254863,0.38898756660746003,1126,111.76874356322159,0.42167160265247694,22.52
44003,3,50,0.6,100,boosted_trees,Boosted Trees,0.37920722711764,0.40868055663126346,0.7358923678949196,0.21293299943855498,0.35668514077727964,0.5,838,87.22639309189543,0.5461411108661747,16.76
44004,4,50,0.6,100,boosted_trees,Boosted Trees,0.673973155026111,0.2606855496392707,0.7724300824975181,0.18679976076323224,0.09845692747140711,0.3700564971751412,1062,94.03212411725957,0.5085974633194521,21.24
44005,5,50,0.6,100,boosted_trees,Boosted Trees,0.5649776301900401,0.28814212647184234,0.7011423441156694,0.2245936886687272,0.13616471392562934,0.4932170542635659,1032,130.58621513361948,0.3514676658357561,20.64
44006,6,50,0.6,100,boosted_trees,Boosted Trees,0.5510324771856723,0.31382303579495313,0.7311544429614679,0.2115873839068794,0.18012196577579564,0.48544819557625146,859,102.04099442410444,0.4584786963700794,17.18
44007,7,50,0.6,100,boosted_trees,Boosted Trees,0.526708658129176,0.3293319234164778,0.7358655809205642,0.2114431405844073,0.2091569227913882,0.539015606242497,833,98.04983812508083,0.47865130923860283,16.66
44008,8,50,0.6,100,boosted_trees,Boosted Trees,0.6320423147858161,0.276887491444046,0.8047899919963809,0.17921667509204375,0.17274767721056483,0.37575757575757573,990,87.38448172943379,0.5494278021405754,19.8
44009,9,50,0.6,100,boosted_trees,Boosted Trees,0.6334407525318848,0.265285256272903,0.7607773149356849,0.1920707584217603,0.1273365624038001,0.4153696498054475,1028,93.39510873181135,0.5116053378781549,20.56
45000,0,50,0.9,5,logistic,Logistic Regression,0.48791483438261257,0.25438477307407414,0.6037679142016514,0.22581231235135593,0.11585307981903886,0.3723129836629407,1163,129.79871656296913,0.35759330465918265,23.26
45001,1,50,0.9,5,logistic,Logistic Regression,0.6268728151287853,0.23877906414067998,0.6502406469324695,0.22981879728479376,0.02336783180368418,0.4464980544747082,1028,107.71854413013405,0.43677859337512215,20.56
45002,2,50,0.9,5,logistic,Logistic Regression,0.5404211271285373,0.2527996140937271,0.5977200797674441,0.24179876976849304,0.05729895263890683,0.49,1100,122.94531488762637,0.37843177366543373,22.0
45003,3,50,0.9,5,logistic,Logistic Regression,0.6098826291079812,0.23952524671498918,0.6378101945003353,0.22946009056995587,0.02792756539235408,0.45305378304466726,1097,123.69560831078536,0.37576621038011754,21.94
45004,4,50,0.9,5,logistic,Logistic Regression,0.5435123697088433,0.24845197092986163,0.6122984674621954,0.23246570491384239,0.0687860977533521,0.40060544904137235,991,109.26897716696715,0.4287652938411046,19.82
45005,5,50,0.9,5,logistic,Logistic Regression,0.6406265118529268,0.22675269984678204,0.6635341074020319,0.2214588032012991,0.022907595549105042,0.42021803766105054,1009,119.00247629653089,0.3899277976618831,20.18
45006,6,50,0.9,5,logistic,Logistic Regression,0.6807564681924759,0.22469448464402422,0.695072085155407,0.21996728027343174,0.014315616962931044,0.46834170854271356,995,126.86069253103182,0.3620766667361831,19.9
45007,7,50,0.9,5,logistic,Logistic Regression,0.525561122244489,0.2548954512966546,0.6483266533066133,0.23037332708867375,0.12276553106212429,0.44493882091212456,899,108.72678934147272,0.4280583868719074,17.98
45008,8,50,0.9,5,logistic,Logistic Regression,0.4959621093067924,0.2647560510335149,0.6140824166230138,0.2402089686278189,0.11812030731622136,0.5198329853862212,958,126.02768513513473,0.36351896341345646,19.16
45009,9,50,0.9,5,logistic,Logistic Regression,0.5810807338506604,0.2446363790891856,0.5965330952258595,0.23947395893397105,0.01545236137519912,0.433392539964476,1126,120.98097388343297,0.3860245632726093,22.52
46000,0,50,0.9,5,random_forest,Random Forest,0.638262499244302,0.26709723145119235,0.8589363803075186,0.1543323687942469,0.22067388106321661,0.4669652855543113,893,93.82086626407589,0.5052276694870782,17.86
46001,1,50,0.9,5,random_forest,Random Forest,0.514291814271255,0.2962750137598832,0.770228681680162,0.19447906623548955,0.255936867408907,0.46099290780141844,1128,129.49934355287576,0.357628426000615,22.56
46002,2,50,0.9,5,random_forest,Random Forest,0.5577128236655576,0.28872901363228903,0.8535277737595833,0.1617687434226981,0.2958149500940257,0.4734607218683652,942,96.64206620932715,0.49031996379992016,18.84
46003,3,50,0.9,5,random_forest,Random Forest,0.5997878614630037,0.26922256167100594,0.8591535521920982,0.15538489116174922,0.25936569072909454,0.5437158469945356,732,110.57803147655832,0.4120058454463578,14.64
46004,4,50,0.9,5,random_forest,Random Forest,0.4299082347259116,0.33861472446761653,0.8482168338785098,0.1621396628883533,0.41830859915259816,0.5274853801169591,855,95.59147998919295,0.4934355139381087,17.1
46005,5,50,0.9,5,random_forest,Random Forest,0.605685905898106,0.27397019186526517,0.7895984083094718,0.18542344580557882,0.1839125024113658,0.44777562862669246,1034,133.65785354770586,0.34228510778235915,20.68
46006,6,50,0.9,5,random_forest,Random Forest,0.4124821615450481,0.3315723603852354,0.8063711032886183,0.17974217919784588,0.3938889417435702,0.5698254364089775,802,118.61233674075558,0.3830799626224974,16.04
46007,7,50,0.9,5,random_forest,Random Forest,0.5990004487780997,0.2631728522067706,0.8104606095222553,0.16958513839166242,0.21146016074415563,0.3780607247796278,1021,113.85578198022006,0.41027213440090843,20.42
46008,8,50,0.9,5,random_forest,Random Forest,0.6738847926267282,0.2429337759341473,0.8783294930875576,0.14453714571470344,0.2044447004608294,0.46466809421841543,934,96.11155585367015,0.4930924268583561,18.68
46009,9,50,0.9,5,random_forest,Random Forest,0.6229116897595158,0.27336645057883896,0.8626672240802674,0.15315060784685303,0.23975553432075158,0.45183714001986097,1007,104.38233290824654,0.4517882143043395,20.14
47000,0,50,0.9,5,boosted_trees,Boosted Trees,0.4989536332285068,0.36527094365667856,0.7804756695987723,0.18699140601877762,0.28152203637026557,0.42815814850530376,1037,110.96869763985964,0.42274456212569855,20.74
47001,1,50,0.9,5,boosted_trees,Boosted Trees,0.6519410977242303,0.2839564283198998,0.9018490067653163,0.12526658255446263,0.24990790904108606,0.473015873015873,945,91.51094713219607,0.5210409701617384,18.9
47002,2,50,0.9,5,boosted_trees,Boosted Trees,0.5630537967066647,0.3105343197456193,0.8237237603458292,0.16803680199401852,0.2606699636391645,0.40757042253521125,1136,125.69915958451425,0.37004839023523606,22.72
47003,3,50,0.9,5,boosted_trees,Boosted Trees,0.5701746584099525,0.303593451770721,0.8754729637082578,0.14298398137290216,0.30529830529830526,0.4054820415879017,1058,102.02311927493457,0.4647915930056634,21.16
47004,4,50,0.9,5,boosted_trees,Boosted Trees,0.5515138113006626,0.3257615185905114,0.8110752332656329,0.17623787859616974,0.25956142196497034,0.520703933747412,966,136.17120143760297,0.3326425214806773,19.32
47005,5,50,0.9,5,boosted_trees,Boosted Trees,0.5583164558574394,0.3236048190350787,0.8599042123632288,0.14676980867042205,0.3015877565057894,0.539622641509434,795,100.51329628973217,0.4637182104966598,15.9
47006,6,50,0.9,5,boosted_trees,Boosted Trees,0.5165410543064105,0.3575596322040481,0.8625423941715864,0.14987537978903642,0.3460013398651759,0.4236602628918099,989,98.91909371383083,0.4791304453983458,19.78
47007,7,50,0.9,5,boosted_trees,Boosted Trees,0.6765050528057157,0.24420543733418504,0.8055269183279589,0.17408855329636078,0.12902186552224315,0.40441801189464743,1177,142.40468429360718,0.32232376009492136,23.54
47008,8,50,0.9,5,boosted_trees,Boosted Trees,0.5011887066871243,0.38056019111233663,0.8123741369390104,0.17684262554312735,0.31118543025188605,0.47305389221556887,1002,118.97377541751686,0.38981218843339116,20.04
47009,9,50,0.9,5,boosted_trees,Boosted Trees,0.4525418760830021,0.36674418848514484,0.7657741148477979,0.19661066820628575,0.3132322387647958,0.47046632124352333,965,130.04486227836196,0.35084787672936185,19.3
48000,0,50,0.9,20,logistic,Logistic Regression,0.6179632615989175,0.23617601003270955,0.6708650762757419,0.2180334540419064,0.05290181467682442,0.3753191489361702,1175,92.60615157020682,0.5194729772036344,23.5
48001,1,50,0.9,20,logistic,Logistic Regression,0.7813255152807391,0.190776855667817,0.7889259061833689,0.18641783432357387,0.007600390902629761,0.4178794178794179,962,84.83061345756931,0.5668994356362582,19.24
48002,2,50,0.9,20,logistic,Logistic Regression,0.608462962962963,0.23588159274334097,0.6497777777777777,0.2203393231525054,0.04131481481481469,0.38461538461538464,1170,118.17427314242363,0.3973496465401795,23.4
48003,3,50,0.9,20,logistic,Logistic Regression,0.7248689827141709,0.21552983361064998,0.7532226025949875,0.20196902064653474,0.02835361988081664,0.45308924485125857,874,95.65332353210349,0.49375988531821974,17.48
48004,4,50,0.9,20,logistic,Logistic Regression,0.6361661986661987,0.22348465571028084,0.6901398151398151,0.20564375821988778,0.053973616473616426,0.37720111214087115,1079,98.20449705986499,0.48529042174006765,21.58
48005,5,50,0.9,20,logistic,Logistic Regression,0.664482501861504,0.23621519214068507,0.6916001843775486,0.2247034062406808,0.027117682516044517,0.5252659574468085,752,86.08560523851483,0.5509608727879028,15.04
48006,6,50,0.9,20,logistic,Logistic Regression,0.5734612167733187,0.26879971976008515,0.6692847138707012,0.22847723532807843,0.09582349709738247,0.4766666666666667,900,111.33114760087375,0.41670535546405,18.0
48007,7,50,0.9,20,logistic,Logistic Regression,0.6054832753295156,0.2505801967905854,0.661983815658478,0.22573217262134682,0.056500540328962345,0.45837615621788286,973,115.19011692553404,0.4034076500773539,19.46
48008,8,50,0.9,20,logistic,Logistic Regression,0.37619865599516766,0.3044105197411969,0.5016941633947448,0.2592233932871102,0.12549550739957716,0.5135722041259501,921,116.80678947824623,0.3952247781520649,18.42
48009,9,50,0.9,20,logistic,Logistic Regression,0.6111241545083571,0.2502575589312537,0.6077142377997653,0.2464863055004105,-0.003409916708591809,0.525383707201889,847,100.76073211946104,0.46462060595771026,16.94
49000,0,50,0.9,20,random_forest,Random Forest,0.6725623985116839,0.2314206400628462,0.8009296598595563,0.17808533512163502,0.12836726134787246,0.5168018539976825,863,100.67805805882134,0.4656751348409349,17.26
49001,1,50,0.9,20,random_forest,Random Forest,0.6393910034602076,0.23370970145826625,0.7712644587246662,0.19621385182735904,0.1318734552644586,0.4166666666666667,1020,92.13425633900509,0.5191134439785787,20.4
49002,2,50,0.9,20,random_forest,Random Forest,0.5077333046216791,0.27536586826739223,0.7073699227477053,0.2173237421697891,0.19963661812602618,0.5587557603686636,868,114.83667652252208,0.40089002361664605,17.36
49003,3,50,0.9,20,random_forest,Random Forest,0.565621919158725,0.25048534087463586,0.7175249988263462,0.2125772458617991,0.1519030796676213,0.5707434052757794,834,115.88622270670601,0.3951985961900704,16.68
49004,4,50,0.9,20,random_forest,Random Forest,0.7166338007595676,0.20480429634663802,0.818989190768332,0.1698193498829541,0.10235539000876437,0.3917910447761194,1072,89.36211676454555,0.5379713705633304,21.44
49005,5,50,0.9,20,random_forest,Random Forest,0.599053435945838,0.24576082110718991,0.700531515833545,0.2158380548319588,0.10147807988770696,0.41974248927038627,1165,134.12687918517906,0.34465496019720077,23.3
49006,6,50,0.9,20,random_forest,Random Forest,0.43844761258203213,0.2771360714861729,0.6684971461617761,0.225877009902155,0.230049533579744,0.5479910714285714,896,103.41651688683665,0.45295468137955747,17.92
49007,7,50,0.9,20,random_forest,Random Forest,0.5385296544955724,0.2644404627476338,0.7135837441170566,0.21388228030590803,0.17505408962148417,0.4392033542976939,954,113.1005629015376,0.41122628769556274,19.08
49008,8,50,0.9,20,random_forest,Random Forest,0.6947354838709677,0.21619187480027696,0.7678623655913978,0.19301015670599747,0.07312688172043003,0.5474452554744526,685,96.00836413115313,0.4830547273938257,13.7
49009,9,50,0.9,20,random_forest,Random Forest,0.6431322056322056,0.23666574460807246,0.8213436338436338,0.17329748744146567,0.1782114282114282,0.5917241379310345,725,85.48237081447529,0.5541689565299589,14.5
50000,0,50,0.9,20,boosted_trees,Boosted Trees,0.5611101227539583,0.3109231339608607,0.7646072127481129,0.1959353562045553,0.2034970899941546,0.4483111566018424,977,125.37906356061687,0.36636297589814826,19.54
50001,1,50,0.9,20,boosted_trees,Boosted Trees,0.5366002966141806,0.3192232768705541,0.7930074784639172,0.18031685806905343,0.25640718184973654,0.5853960396039604,808,115.29997693223771,0.39629334605745076,16.16
50002,2,50,0.9,20,boosted_trees,Boosted Trees,0.6445877050391606,0.2704682206344059,0.832817348899069,0.16144552259169814,0.18822964385990837,0.3761638733705773,1074,110.0451459116249,0.42771634968418704,21.48
50003,3,50,0.9,20,boosted_trees,Boosted Trees,0.6315160533910535,0.2861032263336226,0.8100559163059164,0.17783478171864808,0.1785398629148629,0.4430379746835443,948,107.44606147778343,0.4355808262744733,18.96
50004,4,50,0.9,20,boosted_trees,Boosted Trees,0.5714915834008462,0.3554415394966471,0.8743856332703214,0.14371541093454995,0.3028940498694752,0.44257112750263433,949,83.6485772346867,0.5753660947507538,18.98
50005,5,50,0.9,20,boosted_trees,Boosted Trees,0.5891945313786855,0.285246795041943,0.7115466974139352,0.21989217362958804,0.12235216603524968,0.47315096251266464,987,149.9995547228804,0.29775984700538766,19.74
50006,6,50,0.9,20,boosted_trees,Boosted Trees,0.5457307415406768,0.32623358409083686,0.7892056635469162,0.18771640436241627,0.24347492200623944,0.5071193866374589,913,111.05844668744976,0.4183601702783231,18.26
50007,7,50,0.9,20,boosted_trees,Boosted Trees,0.5866343977553045,0.3261700969840119,0.815126264124713,0.17878800978014267,0.22849186636940855,0.4574358974358974,975,104.0230683947811,0.4525903231593643,19.5
50008,8,50,0.9,20,boosted_trees,Boosted Trees,0.6219819819819821,0.26979719345872366,0.8251430377746167,0.1662154595769723,0.20316105579263466,0.39028620988725066,1153,103.49877079975404,0.45966586234824336,23.06
50009,9,50,0.9,20,boosted_trees,Boosted Trees,0.6062855266435672,0.28819341655592096,0.7630443644269311,0.19679323830678574,0.15675883778336397,0.5781433607520564,851,130.24885662835385,0.34542113643275796,17.02
51000,0,50,0.9,100,logistic,Logistic Regression,0.5231467851687265,0.27322777102858736,0.5669323705040967,0.25052807374102115,0.04378558533537025,0.38523925385239255,1233,157.93326239810492,0.28770478048866466,24.66
51001,1,50,0.9,100,logistic,Logistic Regression,0.7080620517162516,0.24807392792399913,0.7497056047025391,0.21778300145009047,0.041643552986287524,0.4862183020948181,907,101.07137748268943,0.4652191438818925,18.14
51002,2,50,0.9,100,logistic,Logistic Regression,0.5102203043379514,0.30194783259054164,0.5588497353203236,0.2800973735615558,0.04862943098237216,0.46041666666666664,960,111.27130743897555,0.4190967619553251,19.2
51003,3,50,0.9,100,logistic,Logistic Regression,0.4623754054318848,0.3197927942866994,0.4966044273935306,0.30157141509182656,0.03422902196164579,0.5719101123595506,890,137.71158612345587,0.3251656125317777,17.8
51004,4,50,0.9,100,logistic,Logistic Regression,0.6345917001338688,0.2636734475256863,0.6189947669465742,0.26752161746758796,-0.015596933187294604,0.5439560439560439,910,117.2939324554149,0.39292366707940485,18.2
51005,5,50,0.9,100,logistic,Logistic Regression,0.5137124968580764,0.28245232539865167,0.49672554440966116,0.2942572689877086,-0.01698695244841525,0.5667372881355932,944,234.25353613250766,0.1694531192215226,18.88
51006,6,50,0.9,100,logistic,Logistic Regression,0.5796305943441378,0.2848279166233497,0.6577047041832375,0.23545904989659192,0.07807410983909968,0.37077534791252487,1006,68.80364195107565,0.7124120836207362,20.12
51007,7,50,0.9,100,logistic,Logistic Regression,0.6311200411775285,0.274867880326264,0.6388842378126298,0.2684935300300826,0.007764196635101306,0.5421836228287841,806,105.87633198435948,0.4373449148644488,16.12
51008,8,50,0.9,100,logistic,Logistic Regression,0.6126643847955324,0.2704329897335944,0.6261349306431274,0.2608952768233768,0.013470545847594995,0.5174973488865323,943,139.4305840591292,0.322688804369165,18.86
51009,9,50,0.9,100,logistic,Logistic Regression,0.5300670074606244,0.2636401352907733,0.5377003315833103,0.2624613030817274,0.007633324122685914,0.3805601317957166,1214,110.46359802335604,0.42912567810717844,24.28
52000,0,50,0.9,100,random_forest,Random Forest,0.7040862627459382,0.21756710739749294,0.7109271606649945,0.21424391239222002,0.006840897919056288,0.5518102372034956,801,134.33814831570987,0.3303971662361694,16.02
52001,1,50,0.9,100,random_forest,Random Forest,0.6305005209965242,0.23528317342815067,0.6750748704795354,0.22869248748459253,0.0445743494830112,0.44170616113744077,1055,102.28978018923897,0.4633749169355602,21.1
52002,2,50,0.9,100,random_forest,Random Forest,0.6340802943812804,0.2369623604116708,0.7038024248714441,0.22350904320085324,0.06972213049016363,0.510314875135722,921,100.98667222715882,0.46613176472518203,18.42
52003,3,50,0.9,100,random_forest,Random Forest,0.6136665244334485,0.24006931109597437,0.6884622762273487,0.2276747407552066,0.07479575179390019,0.46055226824457596,1014,135.4893269737951,0.3363062412001327,20.28
52004,4,50,0.9,100,random_forest,Random Forest,0.5603297614491645,0.24328604317444083,0.5980354637071055,0.2350665608863648,0.03770570225794101,0.5828144458281445,803,145.85805695251884,0.2991601841462077,16.06
52005,5,50,0.9,100,random_forest,Random Forest,0.6063783134095634,0.2425605072768855,0.7119174462924462,0.22594919854433837,0.10553913288288286,0.48372093023255813,860,103.91941141097256,0.4491137953654701,17.2
52006,6,50,0.9,100,random_forest,Random Forest,0.40925785806614334,0.25818458258677857,0.5300096156877581,0.24046940528097227,0.12075175762161472,0.5997248968363136,727,99.6968852800851,0.4647048330069994,14.54
52007,7,50,0.9,100,random_forest,Random Forest,0.5764643251258708,0.24567803139510355,0.7212092213256086,0.21930605277508583,0.14474489619973785,0.4458204334365325,969,82.196566162815,0.5869865960743785,19.38
52008,8,50,0.9,100,random_forest,Random Forest,0.5743245471151881,0.2404733334592745,0.6844182565171228,0.22649230134375975,0.11009370940193475,0.5573979591836735,784,104.4875281109248,0.44300325943818786,15.68
52009,9,50,0.9,100,random_forest,Random Forest,0.6156266020412919,0.23918515599592008,0.6843361140886425,0.22840637485162574,0.06870951204735054,0.5371367061356297,929,138.48463788051933,0.3247056484825548,18.58
53000,0,50,0.9,100,boosted_trees,Boosted Trees,0.6060239411867542,0.2950321363331985,0.7589641434262947,0.2026983216687684,0.15294020223954052,0.5368983957219251,935,107.91887585749139,0.43298956512853365,18.7
53001,1,50,0.9,100,boosted_trees,Boosted Trees,0.6867714434843125,0.2543397237875041,0.7872759960563708,0.19074512785570516,0.10050455257205826,0.5411899313501144,874,108.36080214947663,0.42874072790520895,17.48
53002,2,50,0.9,100,boosted_trees,Boosted Trees,0.523698302850552,0.30200532504758837,0.6821593343219641,0.22970518114154495,0.1584610314714121,0.4827586206896552,986,107.29619955613046,0.4374740743236755,19.72
53003,3,50,0.9,100,boosted_trees,Boosted Trees,0.6107645587709898,0.3139064947401888,0.8310182207931405,0.1658881597748226,0.2202536620221507,0.4197761194029851,1072,86.12025885865098,0.5600640858172026,21.44
53004,4,50,0.9,100,boosted_trees,Boosted Trees,0.4730951320499497,0.3246987065564691,0.6795211230431699,0.22970176904790227,0.20642599099322023,0.49137055837563454,985,121.43540008093136,0.38028388014191133,19.7
53005,5,50,0.9,100,boosted_trees,Boosted Trees,0.5705451915769862,0.31844846703292357,0.7997082832838968,0.18129488430014268,0.22916309170691052,0.5559655596555966,813,95.88445493584472,0.4901019150183158,16.26
53006,6,50,0.9,100,boosted_trees,Boosted Trees,0.5990228730409144,0.2989153522487173,0.7849331877081565,0.19323913449281382,0.18591031466724206,0.44105263157894736,950,98.6847882978129,0.4792561280699284,19.0
53007,7,50,0.9,100,boosted_trees,Boosted Trees,0.46739669951535634,0.30385616454310344,0.6837100615146091,0.2128633540018171,0.21631336199925277,0.3690572119258662,1241,109.76083227014165,0.4326784696952403,24.82
53008,8,50,0.9,100,boosted_trees,Boosted Trees,0.6828800445094259,0.23174500412860305,0.7722773558295704,0.18111827822082027,0.0893973113201445,0.37098175499565594,1151,84.81646384990377,0.5708664173642974,23.02
53009,9,50,0.9,100,boosted_trees,Boosted Trees,0.5913013002142342,0.2855174517371507,0.760936312209377,0.20122734356030533,0.16963501199514275,0.4388092613009923,907,112.03962491987463,0.4139644224021551,18.14
54000,0,100,0.0,5,logistic,Logistic Regression,0.6296197688221379,0.23660945219877633,0.628407474133504,0.23592431513151052,-0.0012122946886339303,0.5097435897435898,1950,254.0020298393786,0.3609245406920582,19.5
54001,1,100,0.0,5,logistic,Logistic Regression,0.7277161601379256,0.20644350321640503,0.7280544585221121,0.20667771715058184,0.0003382983841865306,0.43507214206437295,1802,168.91415388825763,0.5680458835129554,18.02
54002,2,100,0.0,5,logistic,Logistic Regression,0.5650974725581159,0.24402548264108448,0.5752385056742803,0.24144886482684114,0.010141033116164322,0.4449520328917314,2189,238.53384725640942,0.3914262664253821,21.89
54003,3,100,0.0,5,logistic,Logistic Regression,0.5574802717604996,0.24728190059104793,0.5780323881456827,0.24058415240889033,0.02055211638518306,0.43575154101469893,2109,263.3622338530205,0.34882936251960733,21.09
54004,4,100,0.0,5,logistic,Logistic Regression,0.7021379013239041,0.217145437510921,0.7072432901581965,0.21493927744150165,0.005105388834292457,0.4338758901322482,1966,211.6243307130537,0.44426833337632105,19.66
54005,5,100,0.0,5,logistic,Logistic Regression,0.649278405492784,0.21944207080959913,0.6679323734293239,0.2115580567785893,0.01865396793653984,0.3602103418054338,2282,212.78109667117053,0.44567538475639074,22.82
54006,6,100,0.0,5,logistic,Logistic Regression,0.6583678049639149,0.23077858593358774,0.6670370533356803,0.22776015750823847,0.008669248371765415,0.48218029350104824,1908,203.70679807048927,0.4627435383814783,19.08
54007,7,100,0.0,5,logistic,Logistic Regression,0.6499100328718163,0.23362796078234635,0.650301461607194,0.23404864329528186,0.00039142873537778566,0.5237613751263903,1978,245.0570306359141,0.3765490148140769,19.78
54008,8,100,0.0,5,logistic,Logistic Regression,0.606817767934047,0.24008190704792615,0.6316318444690538,0.23337865921744744,0.02481407653500689,0.4452662721893491,2028,214.5858365214838,0.43831761099642114,20.28
54009,9,100,0.0,5,logistic,Logistic Regression,0.6632185615768427,0.227460640996162,0.6729974784054937,0.22424917292097668,0.009778916828651063,0.4982224479431183,1969,222.89125871282405,0.4191494960496789,19.69
55000,0,100,0.0,5,random_forest,Random Forest,0.5668282109604621,0.2738395923346128,0.7603516521536575,0.19355117282511625,0.19352344119319542,0.41385597082953507,2194,183.61714315928873,0.5228641538955349,21.94
55001,1,100,0.0,5,random_forest,Random Forest,0.4467996796749873,0.29508330223819085,0.7128476698308528,0.20733766570152393,0.2660479901558655,0.5969962453066333,1598,231.94453630692368,0.3931627576555236,15.98
55002,2,100,0.0,5,random_forest,Random Forest,0.6392682883396253,0.2460339151538566,0.7328795379537953,0.204624375823822,0.09361124961417,0.44977733795150915,2021,251.763989842181,0.3658177656995628,20.21
55003,3,100,0.0,5,random_forest,Random Forest,0.6446787661494456,0.24818173362278853,0.7760362963589771,0.1891683516984154,0.13135753020953145,0.44664634146341464,1968,193.5117503262386,0.49089534608797286,19.68
55004,4,100,0.0,5,random_forest,Random Forest,0.5545929028526652,0.27703209031438386,0.7436496016716729,0.20334540855746305,0.18905669881900777,0.5394655065257924,1609,215.94687516249653,0.4274954679954283,16.09
55005,5,100,0.0,5,random_forest,Random Forest,0.606672765558088,0.25222336134651174,0.7368719390531471,0.19809737641560182,0.13019917349505905,0.4165442976015663,2043,221.5770223267176,0.42307103077477404,20.43
55006,6,100,0.0,5,random_forest,Random Forest,0.5426143965747926,0.28020381323084387,0.6970194108807971,0.22015424594893518,0.1544050143060045,0.48782961460446245,1972,249.91108948425517,0.3680986272773525,19.72
55007,7,100,0.0,5,random_forest,Random Forest,0.6048031230217346,0.2511496052160273,0.7552521629035662,0.19218641151800442,0.15044903988183167,0.392552714221624,2229,209.4670326521451,0.4528554567389553,22.29
55008,8,100,0.0,5,random_forest,Random Forest,0.6130997167389572,0.25462735593419294,0.7541358079332763,0.19890065226629544,0.14103609119431904,0.5249169435215947,1806,230.35745729503557,0.40093723906220646,18.06
55009,9,100,0.0,5,random_forest,Random Forest,0.5613313391118648,0.2651903365156621,0.6993086960618051,0.20978637980604764,0.1379773569499403,0.3966189856957087,2307,269.3546149237265,0.3427692476467256,23.07
56000,0,100,0.0,5,boosted_trees,Boosted Trees,0.4279727011494252,0.3763430311093091,0.7799348659003831,0.18927716498369168,0.3519621647509579,0.4368932038834951,2060,203.16099026631554,0.466313360876512,20.6
56001,1,100,0.0,5,boosted_trees,Boosted Trees,0.6010880851432032,0.2716558302982391,0.7891801505581033,0.18122659626401427,0.1880920654149001,0.41743119266055045,2180,241.8226514260127,0.38533033505066777,21.8
56002,2,100,0.0,5,boosted_trees,Boosted Trees,0.6880688215880412,0.23517249356505882,0.8369903902154922,0.1627110666172048,0.14892156862745098,0.4122211445198836,2062,202.9714822721851,0.4668227638889806,20.62
56003,3,100,0.0,5,boosted_trees,Boosted Trees,0.5320002713793159,0.31833051423853437,0.7855039994145525,0.17959563926448602,0.2535037280352366,0.378069432684166,2362,230.83296711314094,0.4081568173624999,23.62
56004,4,100,0.0,5,boosted_trees,Boosted Trees,0.49581544256120524,0.3504615507107307,0.8321786386871133,0.16708406333287593,0.33636319612590804,0.4573643410852713,1935,194.90349646580742,0.48653897467765356,19.35
56005,5,100,0.0,5,boosted_trees,Boosted Trees,0.5163413853007115,0.3252330917283903,0.8223818165937169,0.16807739955736492,0.3060404312930054,0.4035766070565491,2069,199.5964470723819,0.4756686632149947,20.69
56006,6,100,0.0,5,boosted_trees,Boosted Trees,0.5586466692105908,0.29634413225277617,0.7829539568159656,0.18731385418901078,0.22430728760537477,0.43878037160552646,2099,228.81462009984384,0.408872680328266,20.99
56007,7,100,0.0,5,boosted_trees,Boosted Trees,0.5966077886850942,0.320489730252682,0.8239755554120383,0.16960281717007622,0.22736776672694403,0.45265588914549654,1732,200.44184339344554,0.46819303641134413,17.32
56008,8,100,0.0,5,boosted_trees,Boosted Trees,0.6512037423390384,0.25938332991303065,0.7902547401302314,0.1856910357144583,0.139050997791193,0.4665690580771108,2049,232.64377451424198,0.4005878310185109,20.49
56009,9,100,0.0,5,boosted_trees,Boosted Trees,0.5548220718894437,0.2958124651382175,0.7733612697456569,0.1918389994918055,0.21853919785621323,0.5098231827111984,2036,264.5912513802193,0.34581032176431015,20.36
57000,0,100,0.0,20,logistic,Logistic Regression,0.6433212548524996,0.2308312522256478,0.6286616664168264,0.23478741077668402,-0.014659588435673165,0.4353428439944777,2173,230.07788678462109,0.40736265196640903,21.73
57001,1,100,0.0,20,logistic,Logistic Regression,0.6405446555244125,0.23249745146430037,0.6333391005455783,0.2347343887336243,-0.007205554978834239,0.45746388443017655,1869,220.75066392817806,0.4220783325277882,18.69
57002,2,100,0.0,20,logistic,Logistic Regression,0.6480255499205362,0.2317583357577213,0.6571474485509228,0.22976772727768033,0.009121898630386593,0.49718785151856015,1778,226.29740941434417,0.40863630292804376,17.78
57003,3,100,0.0,20,logistic,Logistic Regression,0.6856519317116605,0.2242857118041237,0.6901699602001847,0.22195429004045067,0.004518028488524228,0.46754617414248023,1895,211.55948102844854,0.4433031631266056,18.95
57004,4,100,0.0,20,logistic,Logistic Regression,0.7343777164749031,0.20257376660277662,0.74189430071783,0.19859961328675718,0.007516584242926894,0.4096628082536487,1987,173.08284664383098,0.5553816395903156,19.87
57005,5,100,0.0,20,logistic,Logistic Regression,0.7034640350045652,0.22042298338613522,0.7119587289391361,0.21742034609359528,0.008494693934570918,0.4785429141716567,2004,234.9854863677239,0.39538793468612515,20.04
57006,6,100,0.0,20,logistic,Logistic Regression,0.6408983950610927,0.23671095586441854,0.6662550910598157,0.22663061833537182,0.025356695998723033,0.4575328614762386,1978,200.37018392101942,0.4724029938601025,19.78
57007,7,100,0.0,20,logistic,Logistic Regression,0.6106598047330432,0.24111752676321627,0.6195731984086722,0.23687719429438306,0.008913393675629044,0.4576983709931687,1903,220.63236574007635,0.4229177920868567,19.03
57008,8,100,0.0,20,logistic,Logistic Regression,0.6467441800775133,0.23339994733433217,0.6574738841405507,0.22985866624401394,0.010729704063037415,0.46764408493427706,1978,209.4741228916176,0.4495577099516066,19.78
57009,9,100,0.0,20,logistic,Logistic Regression,0.6755532274894717,0.22141904769838217,0.6704547627659089,0.22117261248072678,-0.00509846472356279,0.39438502673796794,2244,191.6472135283802,0.49948761609621706,22.44
58000,0,100,0.0,20,random_forest,Random Forest,0.5835602841625124,0.24517459863274665,0.6783365117601794,0.2212791080880427,0.09477622759766702,0.4225352112676056,1917,185.99105737904614,0.5122150333829284,19.17
58001,1,100,0.0,20,random_forest,Random Forest,0.5571729332853728,0.24723720190472337,0.6362730369649394,0.22770973831869462,0.07910010367956666,0.4245043213014743,1967,208.18424984460202,0.4525099761307579,19.67
58002,2,100,0.0,20,random_forest,Random Forest,0.6096145485177034,0.24302262496899688,0.695147550338306,0.22287270608651177,0.08553300182060264,0.506993006993007,1716,183.31712033032713,0.5173779592021595,17.16
58003,3,100,0.0,20,random_forest,Random Forest,0.5972903899162363,0.2373632853389493,0.685670065387463,0.214251073589933,0.08837967547122672,0.40250115794349234,2159,214.47794157296917,0.4403255584535183,21.59
58004,4,100,0.0,20,random_forest,Random Forest,0.5785159552050827,0.24788948990830384,0.6297013590974754,0.23719011756817254,0.05118540389239268,0.5151682294539437,1813,226.43138337615784,0.4090391493620592,18.13
58005,5,100,0.0,20,random_forest,Random Forest,0.6292814568175279,0.23590370842273153,0.7119402310190324,0.20999067802210897,0.08265877420150447,0.40026654820079965,2251,194.30369066405888,0.4920947237586179,22.51
58006,6,100,0.0,20,random_forest,Random Forest,0.6531799924639029,0.220546125724234,0.7163541324268637,0.20295176319371203,0.06317413996296084,0.37494581707845687,2307,220.12502363941852,0.42956083974185805,23.07
58007,7,100,0.0,20,random_forest,Random Forest,0.6042855756163852,0.2358003611853785,0.6858760434867016,0.2134785229056648,0.08159046787031643,0.38790206433029284,2083,196.59766457297243,0.48387508071315155,20.83
58008,8,100,0.0,20,random_forest,Random Forest,0.6286456843109204,0.24120394381846094,0.708591440152599,0.21613279210035952,0.07994575584167862,0.5087336244541485,1832,232.2846834817705,0.3976255119871093,18.32
58009,9,100,0.0,20,random_forest,Random Forest,0.6172616517920386,0.24006300727797708,0.683783822071115,0.22485980536699235,0.06652217027907636,0.5370919881305638,1685,220.27366338167383,0.41953157193103896,16.85
59000,0,100,0.0,20,boosted_trees,Boosted Trees,0.671629505116923,0.24556043694600252,0.7592821476244622,0.1990619369293954,0.08765264250753924,0.4974986103390773,1799,224.477834309403,0.41284015863242063,17.99
59001,1,100,0.0,20,boosted_trees,Boosted Trees,0.571108889042135,0.3088582635578526,0.7572500747074914,0.20001519324735476,0.18614118566535642,0.4554191137213027,1873,188.23606263762116,0.5048094684379295,18.73
59002,2,100,0.0,20,boosted_trees,Boosted Trees,0.53911273875184,0.2974334292288395,0.7414421763881746,0.20132384830911212,0.2023294376363346,0.46898496240601506,2128,257.15801412239335,0.3587311534288779,21.28
59003,3,100,0.0,20,boosted_trees,Boosted Trees,0.6002964254577158,0.28505915539311916,0.7961164390196649,0.18318416830990633,0.1958200135619491,0.4532092111709946,2041,203.12111796675737,0.4661613620044897,20.41
59004,4,100,0.0,20,boosted_trees,Boosted Trees,0.6751136071336706,0.2597606251305534,0.8411750835977021,0.16191359139427758,0.16606147646403147,0.4398766700924974,1946,172.5940040685983,0.5566097014173081,19.46
59005,5,100,0.0,20,boosted_trees,Boosted Trees,0.5784675529144372,0.3015001169258112,0.843218784033335,0.16296274739864525,0.26475123111889776,0.47630619684082626,1646,169.67576497374384,0.5627978681184697,16.46
59006,6,100,0.0,20,boosted_trees,Boosted Trees,0.6425237701967262,0.2618198542119606,0.7996611820511191,0.1813766839752535,0.1571374118543929,0.4566888774987186,1951,204.48583577087774,0.4614264254052721,19.51
59007,7,100,0.0,20,boosted_trees,Boosted Trees,0.5888557756254156,0.27762050524999377,0.7337864461189977,0.209228335778213,0.1449306704935821,0.4924538848518726,1789,250.3447441130293,0.36389257746880255,17.89
59008,8,100,0.0,20,boosted_trees,Boosted Trees,0.5194306755825454,0.29674298124617793,0.6937660937089998,0.22176983564717878,0.17433541812645437,0.5014705882352941,2040,251.25374861260454,0.36697329106174903,20.4
59009,9,100,0.0,20,boosted_trees,Boosted Trees,0.6250968385310212,0.2676043303268811,0.7472679171886332,0.20297913188220673,0.12217107865761201,0.47011144883485306,1974,231.89047768211717,0.40088790435139054,19.74
60000,0,100,0.0,100,logistic,Logistic Regression,0.6595189655602169,0.23093921433101422,0.6388012902992906,0.2383621189278707,-0.020717675260926383,0.4279816513761468,2180,241.51017115249806,0.3858911032283253,21.8
60001,1,100,0.0,100,logistic,Logistic Regression,0.6112760977240904,0.2457593138808807,0.6113858178854312,0.24317800024143038,0.00010972016134080942,0.40733299849321947,1991,188.49175709898074,0.5057004821338211,19.91
60002,2,100,0.0,100,logistic,Logistic Regression,0.6075020492245302,0.25487553991156253,0.6173059707931577,0.24812247850555147,0.009803921568627527,0.4681344148319815,1726,184.66940454803552,0.5133106904204814,17.26
60003,3,100,0.0,100,logistic,Logistic Regression,0.6780822290727696,0.2325653835300458,0.6743308828893969,0.2333936880084547,-0.0037513461833726947,0.4625390218522373,1922,195.70427267981617,0.48413503897633753,19.22
60004,4,100,0.0,100,logistic,Logistic Regression,0.6078061280466828,0.2455016367005292,0.5974148174733197,0.2481550078313915,-0.010391310573363066,0.4366331898613104,2091,201.34518511885105,0.47137871683169696,20.91
60005,5,100,0.0,100,logistic,Logistic Regression,0.6021312212537042,0.2551398372028313,0.6150799885150253,0.24974848309464368,0.012948767261321104,0.4875130072840791,1922,208.96597169128808,0.4499269904637725,19.22
60006,6,100,0.0,100,logistic,Logistic Regression,0.5918510126375295,0.2547263526788278,0.5990679530005373,0.2526479193821385,0.0072169403630077955,0.48056155507559395,1852,201.21398194571697,0.46827236022491875,18.52
60007,7,100,0.0,100,logistic,Logistic Regression,0.5672616938341601,0.24997820529043596,0.5814450612909153,0.24502721982392303,0.014183367456755192,0.40872662511130897,2246,213.6709099641016,0.44321955805325836,22.46
60008,8,100,0.0,100,logistic,Logistic Regression,0.5951646090534979,0.2551522612366781,0.6121322888330892,0.24936873263387985,0.01696767977959135,0.5073068893528184,1916,237.8582020474819,0.3885032700958493,19.16
60009,9,100,0.0,100,logistic,Logistic Regression,0.5801785072481132,0.2582004234058704,0.5906809384333831,0.2535657141909096,0.010502431185269945,0.49898373983739835,1968,251.67502947097876,0.3650753590235587,19.68
61000,0,100,0.0,100,random_forest,Random Forest,0.5887361203041682,0.24425439120272596,0.6842758310341589,0.22919101927376875,0.09553971072999068,0.4814621409921671,1915,179.12437361490646,0.5339336487225261,19.15
61001,1,100,0.0,100,random_forest,Random Forest,0.648525974025974,0.23428100140164032,0.6814120425029515,0.22886285400492418,0.032886068476977504,0.4747693977211069,1843,193.94427956216202,0.4878215354024966,18.43
61002,2,100,0.0,100,random_forest,Random Forest,0.5985143711617926,0.24278282995225806,0.6633158687761113,0.2322313687834713,0.06480149761431864,0.4967948717948718,1872,255.1059367118753,0.35768216324867935,18.72
61003,3,100,0.0,100,random_forest,Random Forest,0.6577844821537753,0.22613140852830044,0.708900894399396,0.21849359828336742,0.05111641224562069,0.4167533818938606,1922,193.75113875545014,0.4895686990155671,19.22
61004,4,100,0.0,100,random_forest,Random Forest,0.5859922354640665,0.2464841409381679,0.6556891025641026,0.23428629827374267,0.06969686710003609,0.5098247477429634,1883,210.45379273495462,0.4457281108999128,18.83
61005,5,100,0.0,100,random_forest,Random Forest,0.5555814087096405,0.24810361629902894,0.59292887510054,0.24228699693021086,0.037347466390899586,0.48205677557579,1867,221.7673228633781,0.41984909701256007,18.67
61006,6,100,0.0,100,random_forest,Random Forest,0.5665017962535284,0.24781374314461194,0.6488619450859635,0.2306499159744144,0.08236014883243514,0.49037372593431483,1766,172.61282101213217,0.5540810165398059,17.66
61007,7,100,0.0,100,random_forest,Random Forest,0.6290773046736795,0.2307760958498499,0.655553918444991,0.22479744404953583,0.026476613771311497,0.447495183044316,2076,192.968371380676,0.493838043115594,20.76
61008,8,100,0.0,100,random_forest,Random Forest,0.5543526739836395,0.24854082734822983,0.6218728162124388,0.2399913411779536,0.06752014222879932,0.48328267477203646,1974,238.9884295473264,0.38739669688003897,19.74
61009,9,100,0.0,100,random_forest,Random Forest,0.6204011581749405,0.2238296575369822,0.6731798440199879,0.21443249820711224,0.05277868584504741,0.3770491803278688,2135,195.80842668309722,0.48665918428007926,21.35
62000,0,100,0.0,100,boosted_trees,Boosted Trees,0.5462637683656234,0.28522533224485935,0.6900877130562119,0.21974821170416345,0.14382394469058846,0.4169847328244275,2096,248.24434683441487,0.37291052020233234,20.96
62001,1,100,0.0,100,boosted_trees,Boosted Trees,0.5113072270275824,0.28793772923591654,0.6756297362709105,0.22787364175347022,0.16432250924332814,0.507981755986317,1754,234.82945076866864,0.39112760167145894,17.54
62002,2,100,0.0,100,boosted_trees,Boosted Trees,0.6091645148662771,0.26938497499137815,0.7455871631788945,0.20198006494169168,0.1364226483126174,0.42482435597189694,2135,205.72612011981184,0.4608292481611615,21.35
62003,3,100,0.0,100,boosted_trees,Boosted Trees,0.5527122195017291,0.276942022126114,0.6510891788878512,0.23477537163210963,0.09837695938612212,0.5143177989893318,1781,220.41323187678546,0.4211943572306543,17.81
62004,4,100,0.0,100,boosted_trees,Boosted Trees,0.5628942769768458,0.2849167826292751,0.6875360419397116,0.22195570405685255,0.12464176496286583,0.45369406867845996,1922,251.4642604718428,0.36461214394214336,19.22
62005,5,100,0.0,100,boosted_trees,Boosted Trees,0.6050829883605803,0.2621842801255084,0.7236117282940024,0.2079363027124164,0.11852873993342217,0.5564516129032258,1612,223.21827265837607,0.4114835324582617,16.12
62006,6,100,0.0,100,boosted_trees,Boosted Trees,0.5960134615704398,0.27274222125280906,0.7185298696182179,0.2136068566777262,0.12251640804777808,0.5214689265536723,1770,241.18211537072133,0.3795720133510324,17.7
62007,7,100,0.0,100,boosted_trees,Boosted Trees,0.5019476406021446,0.3134260461772872,0.7409937458968245,0.20624746610026293,0.23904610529467996,0.46973754686663094,1867,196.50483582047897,0.48110008184649306,18.67
62008,8,100,0.0,100,boosted_trees,Boosted Trees,0.6565358255451714,0.24867134337668612,0.7641630321910695,0.19539539227157443,0.10762720664589809,0.45685279187817257,1970,195.58859054436977,0.4851423613308918,19.7
62009,9,100,0.0,100,boosted_trees,Boosted Trees,0.5178385209756873,0.30620680193364314,0.7130690846972827,0.2171176219852049,0.19523056372159542,0.5008356545961002,1795,225.90450041499125,0.40978380556901284,17.95
63000,0,100,0.6,5,logistic,Logistic Regression,0.6142592575466115,0.24030769938880414,0.623983843222847,0.2386128469183609,0.009724585676235464,0.4678111587982833,1864,207.94872912789725,0.45145963587347376,18.64
63001,1,100,0.6,5,logistic,Logistic Regression,0.6612548779015971,0.23488758874829488,0.6816000020115058,0.225063978967157,0.02034512410990874,0.5251959686450168,1786,216.15027882907424,0.43076926558226886,17.86
63002,2,100,0.6,5,logistic,Logistic Regression,0.6500404347766493,0.2319336341369651,0.6614896445851666,0.2280073294961397,0.011449209808517269,0.48566413107080164,1709,197.04146976815446,0.4768987643154179,17.09
63003,3,100,0.6,5,logistic,Logistic Regression,0.6555072829419,0.2234026819863082,0.6564342280247937,0.22232910103893483,0.0009269450828937043,0.4165876777251185,2110,236.71091899959785,0.3937226982819152,21.1
63004,4,100,0.6,5,logistic,Logistic Regression,0.6931744703510707,0.22608565867783947,0.704086678222314,0.2191044660725017,0.010912207871243251,0.4976689976689977,1716,207.3727177167599,0.4501828865629805,17.16
63005,5,100,0.6,5,logistic,Logistic Regression,0.6684396704755011,0.2287361892247869,0.6777355531427193,0.2262551517417828,0.009295882667218147,0.4774494556765163,1929,207.32158698736097,0.4540396749755988,19.29
63006,6,100,0.6,5,logistic,Logistic Regression,0.6914620379424621,0.213459859653707,0.6961486881107438,0.2127943399908901,0.004686650168281736,0.404510556621881,2084,193.07130187651836,0.4936461567777362,20.84
63007,7,100,0.6,5,logistic,Logistic Regression,0.5154821220625012,0.25242001819765714,0.5417196418685452,0.24639642747700635,0.02623751980604394,0.4463331714424478,2059,261.95287404255333,0.3501884859260677,20.59
63008,8,100,0.6,5,logistic,Logistic Regression,0.6210029848777191,0.24019455559207153,0.631525444492347,0.23685042264696476,0.010522459614627944,0.466161342717921,1847,197.44805403294015,0.47821173983013376,18.47
63009,9,100,0.6,5,logistic,Logistic Regression,0.6553559436423958,0.2284597233197502,0.6674908036337759,0.22326740821361768,0.012134859991380087,0.4120557804768331,2223,244.44874952304934,0.38124968203699006,22.23
64000,0,100,0.6,5,random_forest,Random Forest,0.6035617595054477,0.27137616159662514,0.7795034855880525,0.19097357709143414,0.17594172608260483,0.4672603457307491,1909,207.73727587755693,0.45270822734017235,19.09
64001,1,100,0.6,5,random_forest,Random Forest,0.560754998275313,0.27170198027498155,0.775521220282318,0.18709102463257374,0.2147662220070049,0.39964317573595004,2242,219.63441266333956,0.4298726484987023,22.42
64002,2,100,0.6,5,random_forest,Random Forest,0.6168389437880755,0.26497937223392387,0.7704208656912191,0.19395682105676196,0.15358192190314368,0.45858895705521474,1956,209.71679917380692,0.4486456731074539,19.56
64003,3,100,0.6,5,random_forest,Random Forest,0.6055005130592993,0.264074555920169,0.7825000431142268,0.19062621488807935,0.17699953005492752,0.4655618850336613,1931,204.18456942603981,0.4618858501620602,19.31
64004,4,100,0.6,5,random_forest,Random Forest,0.6043080501077331,0.25916568273320617,0.7927458007643552,0.18365542076275246,0.18843775065662205,0.4271701814615007,2039,204.86729348412376,0.46172173218261076,20.39
64005,5,100,0.6,5,random_forest,Random Forest,0.5526976665645642,0.27620078120947134,0.7978644863850208,0.17666082594999155,0.24516681982045663,0.5842541436464088,1448,189.44697261648756,0.4928263915612619,14.48
64006,6,100,0.6,5,random_forest,Random Forest,0.5763172519190024,0.2742966190449048,0.7681447761453232,0.19471406719148296,0.19182752422632077,0.4755463059313215,1922,211.81200962876807,0.4431440259637252,19.22
64007,7,100,0.6,5,random_forest,Random Forest,0.558036104554594,0.2782162632962044,0.7944756486095327,0.18748032125382122,0.23643954405493872,0.4596375617792422,1821,209.8560986716132,0.4460996335866136,18.21
64008,8,100,0.6,5,random_forest,Random Forest,0.5122892629396272,0.2953729001000929,0.7909719919345308,0.18467476483997275,0.27868272899490365,0.417910447761194,2077,201.57043576173385,0.47061661302018515,20.77
64009,9,100,0.6,5,random_forest,Random Forest,0.6037311163390654,0.2624510985166206,0.8188434715073353,0.17479185339830874,0.21511235516826988,0.45132275132275135,1890,190.25690519557753,0.4991025933903944,18.9
65000,0,100,0.6,5,boosted_trees,Boosted Trees,0.538943914517821,0.3328190929617852,0.8380607938327926,0.16506531963037532,0.29911687931497166,0.5057979017117614,1811,183.6756968348379,0.5178123505188275,18.11
65001,1,100,0.6,5,boosted_trees,Boosted Trees,0.5552927662018572,0.3323178841371309,0.8944943999489453,0.13407084183037576,0.3392016337470881,0.47799097065462753,1772,166.3999621749517,0.5770957465439269,17.72
65002,2,100,0.6,5,boosted_trees,Boosted Trees,0.5895636798088411,0.2963572718982434,0.812693906810036,0.1760599834512939,0.2231302270011949,0.45255474452554745,2055,232.16218096542173,0.40161487866864626,20.55
65003,3,100,0.6,5,boosted_trees,Boosted Trees,0.538224878264719,0.33012920343313684,0.8447922595332952,0.1597818557760281,0.3065673812685762,0.527306967984934,1593,191.20506906685225,0.49104950288696364,15.93
65004,4,100,0.6,5,boosted_trees,Boosted Trees,0.47417086325575847,0.3426246841227578,0.788092017044608,0.18691931068186773,0.3139211537888495,0.5049126637554585,1832,228.45457720670973,0.4052597899499638,18.32
65005,5,100,0.6,5,boosted_trees,Boosted Trees,0.5727750400457082,0.31263987409592686,0.8272142470896718,0.16953993319817404,0.2544392070439636,0.4430506773707978,1993,208.15086242521312,0.45297338487358374,19.93
65006,6,100,0.6,5,boosted_trees,Boosted Trees,0.6113065782291427,0.2746083310086317,0.8031006701045736,0.1753641142727487,0.19179409187543095,0.42964352720450283,2132,213.89298721826344,0.44131895759750983,21.32
65007,7,100,0.6,5,boosted_trees,Boosted Trees,0.6860278937704064,0.26700275107396676,0.8828974052014658,0.14001416238349954,0.19686951143105935,0.4395546129374337,1886,180.0627804689137,0.5304661035042966,18.86
65008,8,100,0.6,5,boosted_trees,Boosted Trees,0.5333121679219944,0.33529180920438995,0.857466281310212,0.15380227508880745,0.32415411338821754,0.5220277610138805,1657,179.5656457141101,0.5284407851567454,16.57
65009,9,100,0.6,5,boosted_trees,Boosted Trees,0.6347911535827915,0.27139733271154853,0.8116934888946896,0.17363486776416304,0.17690233531189814,0.42054728756601056,2083,218.3841400943843,0.4305717822095453,20.83
66000,0,100,0.6,20,logistic,Logistic Regression,0.6624649859943978,0.23220467084543156,0.6770046046587648,0.22635003886788244,0.014539618664366927,0.4943620178041543,1685,211.00143864964159,0.4407399080048242,16.85
66001,1,100,0.6,20,logistic,Logistic Regression,0.5742819674886042,0.24738904287427488,0.5896904205315336,0.24381292623362616,0.015408453042929482,0.5085,2000,251.79807733292301,0.3654143370885977,20.0
66002,2,100,0.6,20,logistic,Logistic Regression,0.6055730249554674,0.24048898029984964,0.6076017664140764,0.23938902592718592,0.0020287414586089847,0.4557569296375267,1876,238.68713411115513,0.38624218305399194,18.76
66003,3,100,0.6,20,logistic,Logistic Regression,0.6419713626809254,0.23456975780132894,0.6491329120526668,0.23173355447956479,0.007161549371741405,0.465580662112454,1903,211.78757311186823,0.44289620666632007,19.03
66004,4,100,0.6,20,logistic,Logistic Regression,0.5895275306375434,0.24902802035154006,0.6182964845936179,0.24109927797106642,0.028768953956074483,0.5008576329331046,1749,197.75351358820438,0.4757030616936127,17.49
66005,5,100,0.6,20,logistic,Logistic Regression,0.6258065546030682,0.23227148331645334,0.6497621442140382,0.2258951161299547,0.023955589610969996,0.414612676056338,2272,246.1378742099804,0.3789410191917712,22.72
66006,6,100,0.6,20,logistic,Logistic Regression,0.6540760163465854,0.2299473962370985,0.6537876282490414,0.22948880481492845,-0.0002883880975440567,0.45823035096391496,2023,228.00737062385545,0.4093874255300581,20.23
66007,7,100,0.6,20,logistic,Logistic Regression,0.6113409634545237,0.2399261231903047,0.6159973045540061,0.23733130167033223,0.004656341099482431,0.4554253693326541,1963,197.7010143748556,0.4792879597212911,19.63
66008,8,100,0.6,20,logistic,Logistic Regression,0.6783343870439733,0.21843502575163978,0.6913820501134528,0.212829348726519,0.013047663069479465,0.3869412795793164,2282,223.83039961803973,0.4214124314766487,22.82
66009,9,100,0.6,20,logistic,Logistic Regression,0.5771975776090184,0.2443035628878332,0.5906662113030571,0.24030695568861182,0.013468633694038723,0.4319356691556577,1741,181.9429345205394,0.5221775973601945,17.41
67000,0,100,0.6,20,random_forest,Random Forest,0.7230955211087661,0.21401188479057542,0.7730474088089981,0.19472379182627092,0.04995188770023207,0.4747826086956522,1725,162.4816139697334,0.5917898970388984,17.25
67001,1,100,0.6,20,random_forest,Random Forest,0.5884999689691554,0.24722708718545883,0.6845197459608183,0.2234105635819851,0.09601977699166298,0.5227686703096539,1647,207.06098583699915,0.4495267161246573,16.47
67002,2,100,0.6,20,random_forest,Random Forest,0.6449575294364203,0.23451131739052075,0.7263172076352921,0.2077713840813888,0.0813596781988718,0.472896231285493,1937,205.518395221769,0.45862531764823544,19.37
67003,3,100,0.6,20,random_forest,Random Forest,0.6466854272116038,0.2298854197772992,0.7415346188713455,0.20158963832582505,0.0948491916597417,0.4078319006685769,2094,174.81168015640785,0.5505819770594566,20.94
67004,4,100,0.6,20,random_forest,Random Forest,0.615265957657262,0.23816056226038307,0.7085158280810455,0.21047913847251254,0.09324987042378352,0.4173614516920059,2039,208.5973060219619,0.45254330254348146,20.39
67005,5,100,0.6,20,random_forest,Random Forest,0.6168784471143312,0.2433710508436264,0.7064766120723014,0.21793569256899972,0.08959816495797024,0.4583109198493814,1859,197.97333093532959,0.4769842904931878,18.59
67006,6,100,0.6,20,random_forest,Random Forest,0.5501042012030503,0.26339850271428267,0.6911239520674466,0.22139523225761518,0.14101975086439633,0.5331161780673181,1842,201.69150041443655,0.4668633562685637,18.42
67007,7,100,0.6,20,random_forest,Random Forest,0.5805154182232635,0.25307355049281155,0.6967093015893118,0.22254559862681045,0.1161938833660483,0.477796514896009,1779,198.51011470873934,0.47419654388500204,17.79
67008,8,100,0.6,20,random_forest,Random Forest,0.633149412793308,0.23117471264764605,0.6758636782532669,0.21769494422866698,0.04271426545995882,0.408780487804878,2050,208.92801765239446,0.45189701636752055,20.5
67009,9,100,0.6,20,random_forest,Random Forest,0.5297777084454885,0.25519829652313397,0.6199412918644676,0.23866029621690418,0.09016358341897901,0.4911660777385159,1981,247.3981562817226,0.37253244766744176,19.81
68000,0,100,0.6,20,boosted_trees,Boosted Trees,0.6075560578739853,0.26085645172322613,0.7825817250036667,0.18457874435255345,0.17502566712968148,0.4124371284865112,2187,232.9499351459542,0.4019302041528679,21.87
68001,1,100,0.6,20,boosted_trees,Boosted Trees,0.6057295913446785,0.27427956244522206,0.7744469870327993,0.18740133061670788,0.16871739568812083,0.3988995873452545,2181,202.63098771950473,0.4691690546990765,21.81
68002,2,100,0.6,20,boosted_trees,Boosted Trees,0.5209627268460575,0.2921954117289254,0.7305450172090111,0.20681321284990037,0.20958229036295362,0.4635108481262327,2028,269.0390087825687,0.339104789932722,20.28
68003,3,100,0.6,20,boosted_trees,Boosted Trees,0.5632110385566607,0.2884458649419489,0.7325489742540434,0.2077934780291857,0.16933793569738276,0.460742830277386,2127,254.0356213907697,0.36373169839841873,21.27
68004,4,100,0.6,20,boosted_trees,Boosted Trees,0.6373461793309122,0.2596554143285296,0.7544523804065788,0.2004591111367345,0.1171062010756666,0.47860125260960334,1916,219.71837021993477,0.4251241197487623,19.16
68005,5,100,0.6,20,boosted_trees,Boosted Trees,0.6512539583477799,0.26026427289554255,0.7957596560571387,0.18288118302889636,0.14450569770935884,0.4420715429791778,1873,198.11922040710712,0.4768135106766188,18.73
68006,6,100,0.6,20,boosted_trees,Boosted Trees,0.5770102763242014,0.28162948101392604,0.6878951294011791,0.22146793116905236,0.11088485307697771,0.466798810703667,2018,272.5521278472882,0.3338940679453546,20.18
68007,7,100,0.6,20,boosted_trees,Boosted Trees,0.6047254062423472,0.26777197067126773,0.8129744760520433,0.17306455896708758,0.20824906980969615,0.40136385776911837,2053,197.14708721081013,0.482004335581409,20.53
68008,8,100,0.6,20,boosted_trees,Boosted Trees,0.5698066733321729,0.28839525938244204,0.7783169326797359,0.191383846587651,0.20851025934756295,0.46887550200803213,1992,220.88847552024083,0.42379098986873714,19.92
68009,9,100,0.6,20,boosted_trees,Boosted Trees,0.5850089125524738,0.28435612770917246,0.7506991660328206,0.19946960299955094,0.16569025348034683,0.46199117214320745,2039,229.10406138832624,0.40742062277630087,20.39
69000,0,100,0.6,100,logistic,Logistic Regression,0.5836189158611149,0.26211165237538897,0.5943160967717352,0.2563059667227089,0.01069718091062033,0.4843073593073593,1848,203.9147586785491,0.4612477309869476,18.48
69001,1,100,0.6,100,logistic,Logistic Regression,0.6401921087511717,0.24220264194424443,0.6355793165874632,0.24493376869940262,-0.004612792163708468,0.4934673366834171,1990,238.4734075624087,0.38861089639516705,19.9
69002,2,100,0.6,100,logistic,Logistic Regression,0.6278733260463837,0.2532284496511756,0.6665298504688186,0.23619909869413278,0.038656524422434946,0.5346715328467153,1644,198.54871765173147,0.4715080114349081,16.44
69003,3,100,0.6,100,logistic,Logistic Regression,0.6327179380484402,0.24759752135660815,0.6393038098618267,0.24529101155715674,0.006585871813386435,0.4996907854050711,1617,167.52842558439716,0.5703423424497673,16.17
69004,4,100,0.6,100,logistic,Logistic Regression,0.6473126262157588,0.23948361882529637,0.6728187044573771,0.2288670681995925,0.025506078241618324,0.43796641791044777,2144,235.1012201748009,0.3972346515004337,21.44
69005,5,100,0.6,100,logistic,Logistic Regression,0.6341043919346602,0.2532879448271954,0.641340614664228,0.2450900639853517,0.007236222729567809,0.5012062726176115,1658,169.07672270999714,0.5652245869127583,16.58
69006,6,100,0.6,100,logistic,Logistic Regression,0.5696610893526312,0.2633123286358187,0.5705905242054865,0.25980750472347386,0.0009294348528553487,0.49768637532133675,1945,239.13761198916973,0.3866337262790536,19.45
69007,7,100,0.6,100,logistic,Logistic Regression,0.5690788400232707,0.2632351372190908,0.5928198561225557,0.254847442633116,0.02374101609928503,0.5127253446447508,1886,216.5505212323631,0.43165084251308766,18.86
69008,8,100,0.6,100,logistic,Logistic Regression,0.634413943720513,0.2408441528058383,0.6254220232322423,0.24475837370977221,-0.008991920488270688,0.4560152163575844,2103,219.03059628023075,0.42942577752692324,21.03
69009,9,100,0.6,100,logistic,Logistic Regression,0.6167750868606867,0.2516982564017229,0.6233993817013488,0.24771986335917198,0.0066242948406620705,0.49864937871420856,1851,251.27616885030903,0.36358634693154374,18.51
70000,0,100,0.6,100,random_forest,Random Forest,0.6292211078395289,0.23506762237571324,0.6852840142313827,0.22507587816219354,0.05606290639185385,0.4464099895941727,1922,173.99539890989803,0.5513868885017913,19.22
70001,1,100,0.6,100,random_forest,Random Forest,0.5932217998173721,0.24310965820982303,0.6445565680848288,0.23367339516945282,0.05133476826745664,0.44625719769673705,2084,236.88984602182893,0.39301097849408184,20.84
70002,2,100,0.6,100,random_forest,Random Forest,0.6585239132572958,0.22620523659644332,0.720683082404112,0.2141806638481228,0.062159169146816295,0.42016015073009894,2123,217.12136233174084,0.43390714757440424,21.23
70003,3,100,0.6,100,random_forest,Random Forest,0.6099235481110634,0.23620891249204098,0.6404079886319196,0.23058038473798917,0.030484440520856193,0.42509727626459143,2056,196.7915427620341,0.483006311066144,20.56
70004,4,100,0.6,100,random_forest,Random Forest,0.6192082029645481,0.23816394017513387,0.6602293645440853,0.23186547748018793,0.04102116157953717,0.4585432890517636,2183,253.23487750617468,0.36584039986853817,21.83
70005,5,100,0.6,100,random_forest,Random Forest,0.5531427454702811,0.24620774106759516,0.6490237025042576,0.23180762955745982,0.09588095703397648,0.43658280922431864,1908,182.0708550321041,0.5243051271443997,19.08
70006,6,100,0.6,100,random_forest,Random Forest,0.6251575630252101,0.230011682547721,0.6572542174764643,0.22551099697177934,0.0320966544512542,0.4063727629855958,2291,273.5389983234346,0.3366227926329563,22.91
70007,7,100,0.6,100,random_forest,Random Forest,0.6390622724625018,0.23561777101380033,0.6641510120867918,0.23085339301328972,0.025088739624290035,0.4669205140409329,2101,235.14305102274287,0.39655105235355564,21.01
70008,8,100,0.6,100,random_forest,Random Forest,0.5616118421052632,0.24963549427463183,0.6597379963065558,0.2325606652018548,0.09812615420129267,0.5102040816326531,1862,212.46255375833212,0.44062981238326254,18.62
70009,9,100,0.6,100,random_forest,Random Forest,0.5667346333675447,0.24197883073929372,0.6081915839890524,0.23319576351065954,0.04145695062150767,0.43838862559241704,2110,215.5005151611772,0.4373711387319887,21.1
71000,0,100,0.6,100,boosted_trees,Boosted Trees,0.5372834072773573,0.2908567890565055,0.6904157473091492,0.2191121149493834,0.15313234003179188,0.4468610973801285,2023,217.0048279625566,0.43278071943346114,20.23
71001,1,100,0.6,100,boosted_trees,Boosted Trees,0.5487029937933553,0.29106011839217855,0.6868190945600585,0.21963442083933737,0.13811610076670322,0.43208707998106954,2113,237.3047908136772,0.3926557740939642,21.13
71002,2,100,0.6,100,boosted_trees,Boosted Trees,0.4817441419056493,0.2791100921723604,0.6072179372145724,0.23223231494655497,0.1254737953089231,0.3864574731626755,2422,248.1405460886868,0.3772867151153445,24.22
71003,3,100,0.6,100,boosted_trees,Boosted Trees,0.6326393446926935,0.2512654245270189,0.7430006038488802,0.20394100161955342,0.11036125915618678,0.531160663236135,1749,212.64869019357883,0.43813421266771635,17.49
71004,4,100,0.6,100,boosted_trees,Boosted Trees,0.6108554737965511,0.26607105793851044,0.759247317867775,0.19797498593644544,0.14839184407122386,0.4965553789083201,1887,213.18693623896507,0.4393613118929444,18.87
71005,5,100,0.6,100,boosted_trees,Boosted Trees,0.5016042358147621,0.29903215604709643,0.6828641141141142,0.21783441543549434,0.18125987829935208,0.4378698224852071,2028,207.39447246153432,0.45531467718591223,20.28
71006,6,100,0.6,100,boosted_trees,Boosted Trees,0.577172433001176,0.258171438240836,0.6679424663348041,0.22492355220039256,0.0907700333336281,0.4474647151071615,1913,230.01370530730702,0.40357946578776216,19.13
71007,7,100,0.6,100,boosted_trees,Boosted Trees,0.4816534097818479,0.3013781538070019,0.6901872241739702,0.22260124030441655,0.20853381439212226,0.5053816046966731,2044,227.89222699415194,0.4099357971581071,20.44
71008,8,100,0.6,100,boosted_trees,Boosted Trees,0.616359040986366,0.26295924070951915,0.697630870223868,0.22196050144762888,0.08127182923750209,0.5234822451317297,1746,239.22119190580742,0.3826661286320032,17.46
71009,9,100,0.6,100,boosted_trees,Boosted Trees,0.5696371911515277,0.2791437882358968,0.6849544195371692,0.22575538539384205,0.11531722838564151,0.4630801687763713,1896,256.74535256038166,0.35549827707039877,18.96
72000,0,100,0.9,5,logistic,Logistic Regression,0.6108245744985549,0.2374708884867914,0.6245920740862894,0.2327933574583511,0.013767499587734489,0.43417656169334023,1937,211.11605213681855,0.44502168846944773,19.37
72001,1,100,0.9,5,logistic,Logistic Regression,0.6033753924091564,0.2359364747515003,0.6228897481844762,0.231546224752207,0.01951435577531979,0.4171945701357466,2210,225.92664485702508,0.41620550168186093,22.1
72002,2,100,0.9,5,logistic,Logistic Regression,0.7437242106411212,0.20685882801632868,0.7589978732299638,0.19975624545156462,0.015273662588842662,0.5003076923076923,1625,186.27251589461773,0.5064772190887764,16.25
72003,3,100,0.9,5,logistic,Logistic Regression,0.5989927685950414,0.23362612104726668,0.6211862947658402,0.2273105365652795,0.02219352617079884,0.6134185303514377,1565,273.13394175590025,0.32285252770488326,15.65
72004,4,100,0.9,5,logistic,Logistic Regression,0.6473332454940731,0.23111963641804031,0.6565827195943642,0.22857983566878365,0.009249474100291089,0.4427083333333333,2112,235.13081663971167,0.39673130881513763,21.12
72005,5,100,0.9,5,logistic,Logistic Regression,0.7337251133451606,0.20348041364841513,0.7378176352525849,0.20290880689922047,0.0040925219074243735,0.43907563025210083,1904,184.19750235085593,0.5175571409435455,19.04
72006,6,100,0.9,5,logistic,Logistic Regression,0.6096513325323929,0.23974402167155776,0.6266067253161778,0.2358670698995038,0.016955392783784884,0.47338129496402875,2085,238.3477372243899,0.39031350487041955,20.85
72007,7,100,0.9,5,logistic,Logistic Regression,0.6341095974472264,0.24288340854469465,0.6692347815414825,0.2279919930271393,0.035125184094256134,0.5198019801980198,1616,221.08599551650696,0.41618555220811376,16.16
72008,8,100,0.9,5,logistic,Logistic Regression,0.5038683127572017,0.2558989564362068,0.5794337696092081,0.24348419551946612,0.07556545685200644,0.525,1800,215.35173382011695,0.432848170011932,18.0
72009,9,100,0.9,5,logistic,Logistic Regression,0.6580312459322406,0.22780343461033245,0.6684050136030495,0.22395514793337526,0.010373767670808887,0.4455587392550143,2094,234.50511555603018,0.3976651320561642,20.94
73000,0,100,0.9,5,random_forest,Random Forest,0.6243534949982967,0.25599007424328185,0.8385286010715725,0.16891589213633915,0.21417510607327572,0.4813452443510247,1903,210.14620119386194,0.4467887014834522,19.03
73001,1,100,0.9,5,random_forest,Random Forest,0.5784292024979043,0.272043825376625,0.7989384848684644,0.18331917994683875,0.2205092823705601,0.492479378942261,2061,263.921859001916,0.34722741434888477,20.61
73002,2,100,0.9,5,random_forest,Random Forest,0.5856853847342615,0.2800077651617692,0.8246271563752843,0.17066540410484288,0.23894177164102282,0.5090395480225989,1770,207.08609563724312,0.45192632878557454,17.7
73003,3,100,0.9,5,random_forest,Random Forest,0.5586303912383924,0.28051429604511485,0.7571409532246494,0.1979274845942035,0.19851056198625694,0.45660749506903353,2028,261.587715885496,0.350241578027247,20.28
73004,4,100,0.9,5,random_forest,Random Forest,0.47150095171032796,0.2993909885657931,0.7673200277261275,0.1983940734668509,0.29581907601579954,0.49134766649187206,1907,256.6214252030562,0.3559037072551416,19.07
73005,5,100,0.9,5,random_forest,Random Forest,0.6042823251613667,0.27562852968910356,0.8262087700598093,0.16559751572770914,0.2219264448984426,0.4096499526963103,2114,241.7614675263612,0.3845161893960352,21.14
73006,6,100,0.9,5,random_forest,Random Forest,0.5856528126692173,0.282730259947206,0.820574717490302,0.17497473519952836,0.23492190482108466,0.5097419694576093,1899,195.25718489901485,0.48502692769244293,18.99
73007,7,100,0.9,5,random_forest,Random Forest,0.6049655899655899,0.26896979187508124,0.8255433455433455,0.16895428589719105,0.2205777555777556,0.42678478374153206,1919,190.36830323478256,0.4992006406358739,19.19
73008,8,100,0.9,5,random_forest,Random Forest,0.5828819569659816,0.2724444553350841,0.8254706094482509,0.1720880108764811,0.24258865248226935,0.5150684931506849,1825,216.5488100990309,0.43058905379343465,18.25
73009,9,100,0.9,5,random_forest,Random Forest,0.575068801315504,0.2739095960495853,0.8242477532516471,0.17325923846722954,0.24917895193614314,0.44503451938396177,1883,212.00232817631758,0.4420626993908215,18.83
74000,0,100,0.9,5,boosted_trees,Boosted Trees,0.6149134450528179,0.2772388155244729,0.846632993409997,0.15744109701691816,0.23171954835717912,0.4527720739219713,1948,210.332046348016,0.4470533749101762,19.48
74001,1,100,0.9,5,boosted_trees,Boosted Trees,0.5823568330515327,0.2943217982563687,0.830224950378593,0.16871722699632594,0.24786811732706027,0.4667623146819703,2091,236.6378145961915,0.3935855600664754,20.91
74002,2,100,0.9,5,boosted_trees,Boosted Trees,0.6174088423128914,0.2649150882374399,0.8333376437970702,0.16215263953409514,0.2159288014841788,0.37990085624155023,2219,209.8343113866666,0.4518645719654984,22.19
74003,3,100,0.9,5,boosted_trees,Boosted Trees,0.6347372651329486,0.27183676260511425,0.84714931351622,0.16013670881307737,0.21241204838327143,0.5217889908256881,1744,246.45076365588199,0.3696146092065749,17.44
74004,4,100,0.9,5,boosted_trees,Boosted Trees,0.6447999262400885,0.27464683613234014,0.8649437580674902,0.15004949935393624,0.22014383182740171,0.5296070835639181,1807,201.97816965690464,0.4655249802541808,18.07
74005,5,100,0.9,5,boosted_trees,Boosted Trees,0.5607872025247158,0.305414119523332,0.8193880891808629,0.17191756376398884,0.2586008866561471,0.5429890363531449,1733,243.5415828137659,0.37451487702981806,17.33
74006,6,100,0.9,5,boosted_trees,Boosted Trees,0.5978276961008618,0.2973057672932519,0.8513806868038696,0.15687571750299345,0.25355299070300774,0.5171014492753623,1725,206.49802107381333,0.45252867383568873,17.25
74007,7,100,0.9,5,boosted_trees,Boosted Trees,0.5618001845093386,0.31896967314807884,0.8095962262618291,0.17717255253846012,0.2477960417524906,0.4806243272335845,1858,229.84718400133792,0.4029369610383641,18.58
74008,8,100,0.9,5,boosted_trees,Boosted Trees,0.5755501688371726,0.31019030060546976,0.8325821639956218,0.16695758177487796,0.2570319951584492,0.4610995850622407,1928,227.18536639914683,0.40954387816548,19.28
74009,9,100,0.9,5,boosted_trees,Boosted Trees,0.5475514399315906,0.3128808789491005,0.8331493461005173,0.16642519134784636,0.28559790616892666,0.5065934065934066,1820,214.14653362517495,0.4359798500864809,18.2
75000,0,100,0.9,20,logistic,Logistic Regression,0.5780478635903943,0.24877403246881735,0.5829049553125297,0.24557057253392647,0.004857091722135443,0.4870490286771508,2162,267.3781672622287,0.343643342452759,21.62
75001,1,100,0.9,20,logistic,Logistic Regression,0.5775921792389146,0.25185783094817216,0.6033979314796474,0.23956841016045027,0.025805752240732782,0.45207509881422925,2024,222.1756148978466,0.4215130274700015,20.24
75002,2,100,0.9,20,logistic,Logistic Regression,0.5897707857007255,0.24218538529806702,0.6101367692091818,0.2383841040469401,0.02036598350845631,0.43713384407390715,2219,262.27800686116836,0.3520758974982195,22.19
75003,3,100,0.9,20,logistic,Logistic Regression,0.6188570751526404,0.22749062221330307,0.6318631957682115,0.22429734642274116,0.013006120615571048,0.38516645596291615,2373,280.3550366698293,0.32838835941901096,23.73
75004,4,100,0.9,20,logistic,Logistic Regression,0.611487597277629,0.24274901982217278,0.6162826058902411,0.24129812261068806,0.004795008612612062,0.4994703389830508,1888,224.42156298947486,0.41458270929809593,18.88
75005,5,100,0.9,20,logistic,Logistic Regression,0.6605666179325977,0.21998797450825427,0.656645982814579,0.2191690056780296,-0.003920635118018767,0.377341251713111,2189,195.63679645543718,0.4877501981653176,21.89
75006,6,100,0.9,20,logistic,Logistic Regression,0.659897768034416,0.23040129248066069,0.6591805823064121,0.22993050998256315,-0.000717185728003944,0.47172774869109946,1910,208.12636634400087,0.45177441598097673,19.1
75007,7,100,0.9,20,logistic,Logistic Regression,0.5334889239013528,0.2586119218484173,0.5800163216785856,0.24609781644124148,0.046527397777232804,0.49077090119435396,1842,223.87568996636932,0.41491276335966676,18.42
75008,8,100,0.9,20,logistic,Logistic Regression,0.6297957083281279,0.23668886567772074,0.6527264668963014,0.22718335421173755,0.022930758568173504,0.5896820635872826,1667,230.4820908009552,0.3977451231144627,16.67
75009,9,100,0.9,20,logistic,Logistic Regression,0.6798428460818026,0.22308225242568686,0.703574845905985,0.21523576148870163,0.023731999824182393,0.4332574031890661,2195,203.88712326494326,0.46614610040945054,21.95
76000,0,100,0.9,20,random_forest,Random Forest,0.573921003673916,0.24916992637473095,0.6803800047681441,0.2220765697931173,0.10645900109422812,0.45102963335007534,1991,211.45602429190714,0.445038039019074,19.91
76001,1,100,0.9,20,random_forest,Random Forest,0.5393858157255004,0.2570308604735372,0.6736107107511075,0.2268199418943408,0.13422489502560708,0.49534246575342467,1825,192.62193071496904,0.491276420919094,18.25
76002,2,100,0.9,20,random_forest,Random Forest,0.5213339241946778,0.2590761882245347,0.6285638604400094,0.234626819633963,0.10722993624533161,0.48091603053435117,2096,214.07955098857028,0.4404184855510699,20.96
76003,3,100,0.9,20,random_forest,Random Forest,0.5304440742341747,0.26508427786006183,0.7091529902034591,0.2176291075539536,0.1787089159692844,0.44417238001958864,2042,202.51596997610474,0.4677217002323952,20.42
76004,4,100,0.9,20,random_forest,Random Forest,0.578625603309584,0.24839388189755407,0.6647071728547251,0.22954108256816252,0.08608156954514112,0.46710861805201426,1961,256.9015574113349,0.3564360065946499,19.61
76005,5,100,0.9,20,random_forest,Random Forest,0.5598946325565031,0.2480360695960661,0.6971102654555892,0.21326292931640997,0.13721563289908612,0.39173320807891027,2129,197.8434814118123,0.4810759894431793,21.29
76006,6,100,0.9,20,random_forest,Random Forest,0.5707675550068986,0.25315668975982986,0.6962863989543243,0.21540216460227884,0.12551884394742574,0.4279454722492697,2054,183.24031610050756,0.5224832958769668,20.54
76007,7,100,0.9,20,random_forest,Random Forest,0.672093820716451,0.22403250372901296,0.7550675675675675,0.20130381661122293,0.08297374685111658,0.5127020785219399,1732,203.46644973773056,0.46032229948424885,17.32
76008,8,100,0.9,20,random_forest,Random Forest,0.6669052116206589,0.23349266876852123,0.7567760453939317,0.20285390738894596,0.08987083377327287,0.4914383561643836,1752,221.42031254604584,0.4184354230231517,17.52
76009,9,100,0.9,20,random_forest,Random Forest,0.5536435797756952,0.249742589480926,0.6761158358864119,0.2228384553947201,0.12247225611071666,0.44707040866568193,2031,204.46538951698935,0.46262151654916955,20.31
77000,0,100,0.9,20,boosted_trees,Boosted Trees,0.580828340030794,0.2738419430091125,0.706713191375768,0.21595067211704824,0.12588485134497407,0.5326797385620915,1836,259.79079411654095,0.34949452876945136,18.36
77001,1,100,0.9,20,boosted_trees,Boosted Trees,0.5858836005183978,0.2792929032320381,0.76919563248925,0.19247010605558357,0.18331203197085222,0.42422825070159026,2138,229.5284779161814,0.4079856870610035,21.38
77002,2,100,0.9,20,boosted_trees,Boosted Trees,0.6444486611849041,0.26194851221135695,0.8280571368332279,0.16828301028627776,0.18360847564832383,0.4323499491353001,1966,197.05645052964093,0.48107377062476675,19.66
77003,3,100,0.9,20,boosted_trees,Boosted Trees,0.5979768069550915,0.27686285903994257,0.7887247856769946,0.18461880501327957,0.19074797872190308,0.45872936468234116,1999,212.43904289232074,0.4428519261868883,19.99
77004,4,100,0.9,20,boosted_trees,Boosted Trees,0.6107392033358662,0.2799204901916911,0.8210980559620025,0.17257085765449906,0.2103588526261363,0.4956521739130435,1955,204.29896441381175,0.4619573799020896,19.55
77005,5,100,0.9,20,boosted_trees,Boosted Trees,0.4747477965985969,0.33280972802721825,0.7274530443639012,0.20919249355738864,0.25270524776530434,0.482409381663113,1876,247.2960642854961,0.37083607841310084,18.76
77006,6,100,0.9,20,boosted_trees,Boosted Trees,0.596508516990748,0.28364382511556135,0.7745273566048003,0.19133956524709567,0.1780188396140523,0.5259009009009009,1776,206.24015099503066,0.4541360563929927,17.76
77007,7,100,0.9,20,boosted_trees,Boosted Trees,0.537075974208018,0.2914149412129955,0.6903520365252914,0.22149098278161164,0.15327606231727342,0.49224612306153076,1999,256.8748328296435,0.35713534482505155,19.99
77008,8,100,0.9,20,boosted_trees,Boosted Trees,0.6066474866620496,0.2661857089434635,0.7846118330226393,0.18563096249342023,0.17796434636058966,0.4309366130558184,2114,220.8725605764564,0.4255774598838045,21.14
77009,9,100,0.9,20,boosted_trees,Boosted Trees,0.592361009658307,0.27674944034393145,0.7776425073722372,0.19142868481798353,0.1852814977139302,0.4807692307692308,1924,206.61852393999897,0.45569334439172615,19.24
78000,0,100,0.9,100,logistic,Logistic Regression,0.6221467020719622,0.24920890523611672,0.6398106840808888,0.24098552955806493,0.017663982008926604,0.4698979591836735,1960,254.07063760452013,0.36098871263360044,19.6
78001,1,100,0.9,100,logistic,Logistic Regression,0.6334444578937104,0.23926321198724135,0.6369068033112093,0.2361554218900236,0.003462345417498902,0.4241051200724966,2207,228.4553278867454,0.411036163996121,22.07
78002,2,100,0.9,100,logistic,Logistic Regression,0.6377048301147195,0.2465165843308643,0.6527419567156976,0.2396945196097335,0.015037126600978112,0.488962472406181,1812,188.69305069995,0.5025056874059485,18.12
78003,3,100,0.9,100,logistic,Logistic Regression,0.6551617607766298,0.22469259048229198,0.6549103431896449,0.22344204542088636,-0.00025141758698488115,0.37371854613233924,2146,185.77115374837297,0.515730561849749,21.46
78004,4,100,0.9,100,logistic,Logistic Regression,0.5177182397849769,0.27104648455686087,0.5268429931661567,0.2664228499799145,0.009124753381179795,0.45420660276890307,1878,190.68411206072253,0.49767993365558444,18.78
78005,5,100,0.9,100,logistic,Logistic Regression,0.6517099260657543,0.24100085799047935,0.6651732997745268,0.235532065083142,0.013463373708772486,0.49923195084485406,1953,192.19104748447424,0.49442869125995786,19.53
78006,6,100,0.9,100,logistic,Logistic Regression,0.5418881513715985,0.2655255360913972,0.5607958301200838,0.2579851184086395,0.018907678748485313,0.5971685971685972,1554,305.72613309182435,0.28081021931345046,15.54
78007,7,100,0.9,100,logistic,Logistic Regression,0.608187428547233,0.24750680401877517,0.6273729375732171,0.239157414464625,0.01918550902598415,0.4232018561484919,2155,200.38585631871427,0.4746594656703698,21.55
78008,8,100,0.9,100,logistic,Logistic Regression,0.5788249098924558,0.2545094704570059,0.6016131626468588,0.244901528341852,0.022788252754402993,0.41110065851364064,2126,215.51528843246018,0.4375483411133153,21.26
78009,9,100,0.9,100,logistic,Logistic Regression,0.5485215333545143,0.27165755564181765,0.5848669434797376,0.25659962315297924,0.0363454101252233,0.5075876504447933,1911,284.13501384317567,0.31616100758585863,19.11
79000,0,100,0.9,100,random_forest,Random Forest,0.6329628227944821,0.23460230662526033,0.6932084112798722,0.22432840067788565,0.06024558848539008,0.44426318651441,1839,202.55060698748107,0.46458956215999964,18.39
79001,1,100,0.9,100,random_forest,Random Forest,0.5535343880912678,0.24438530631072458,0.6379954747159924,0.23227604256778106,0.08446108662472462,0.4498198661863098,1943,233.30862981182088,0.39761392098301673,19.43
79002,2,100,0.9,100,random_forest,Random Forest,0.5806547658504465,0.24189816873731348,0.6228528373260506,0.2347600657934987,0.04219807147560406,0.48214285714285715,1904,244.35634716581905,0.3764910805772334,19.04
79003,3,100,0.9,100,random_forest,Random Forest,0.6876978110489909,0.2264980229956602,0.7411026485359612,0.2158387186389688,0.053404837486970336,0.46985334057577405,1841,197.3911593013032,0.47826874415669496,18.41
79004,4,100,0.9,100,random_forest,Random Forest,0.5073011439038929,0.25305201552478235,0.6094431898776036,0.2384463881205819,0.10214204597371068,0.5526946107784431,1670,250.77585980902307,0.3604670805205158,16.7
79005,5,100,0.9,100,random_forest,Random Forest,0.6090974311450162,0.24048935208377528,0.6436743401024319,0.23515125916547408,0.03457690895741561,0.5200845665961945,1892,252.4605090158227,0.36240186416389186,18.92
79006,6,100,0.9,100,random_forest,Random Forest,0.6119569557031639,0.23771472686337208,0.6456610276302348,0.22987770901905077,0.03370407192707092,0.44106090373280943,2036,256.58220707167567,0.35821687376526873,20.36
79007,7,100,0.9,100,random_forest,Random Forest,0.6890675686367592,0.2200365519940684,0.7318869174776486,0.21056279646755216,0.04281934884088934,0.43371118777723017,2029,196.64088174398898,0.48306386639748145,20.29
79008,8,100,0.9,100,random_forest,Random Forest,0.5735999486430654,0.24486982094214899,0.63104785393168,0.23694373206162303,0.05744790528861454,0.4658203125,2048,262.7337354571274,0.34881745194770636,20.48
79009,9,100,0.9,100,random_forest,Random Forest,0.6762355415352261,0.22876257715839607,0.6957053216294062,0.225331253669683,0.0194697800941801,0.4917156600748263,1871,222.41542399093987,0.4185311337215282,18.71
80000,0,100,0.9,100,boosted_trees,Boosted Trees,0.5268433594885208,0.3130876772159312,0.7762115664051148,0.19285290125417875,0.249368206916594,0.5013477088948787,1855,185.5984854410034,0.5125181555018771,18.55
80001,1,100,0.9,100,boosted_trees,Boosted Trees,0.5399795064469303,0.2911288047629031,0.7535892181140238,0.19724584357730468,0.21360971166709353,0.5774896876841485,1697,229.3405065151068,0.40071871374023227,16.97
80002,2,100,0.9,100,boosted_trees,Boosted Trees,0.5347286899233044,0.3006358296672676,0.6387616184219573,0.24023070342417804,0.10403292849865298,0.48036715961244264,1961,223.64171918873785,0.4174362817190065,19.61
80003,3,100,0.9,100,boosted_trees,Boosted Trees,0.604471153753491,0.2819144621673806,0.7331204212498338,0.20688699139861552,0.12864926749634276,0.45672371638141807,2045,246.00674483294085,0.37597841697205864,20.45
80004,4,100,0.9,100,boosted_trees,Boosted Trees,0.5725334716869803,0.2835292796961631,0.6994498222950983,0.2177229567035778,0.126916350608118,0.45545977011494254,2088,227.4057557247321,0.4115606461856103,20.88
80005,5,100,0.9,100,boosted_trees,Boosted Trees,0.5916473896969631,0.28791927770340137,0.7894236077901254,0.185083322164409,0.19777621809316237,0.41962524654832345,2028,199.90165137617555,0.47432514151456234,20.28
80006,6,100,0.9,100,boosted_trees,Boosted Trees,0.5988567612841575,0.29149400787161117,0.8112504821059539,0.17452998630887676,0.2123937208217963,0.41129883843717,1894,169.33774300764,0.5677117114694411,18.94
80007,7,100,0.9,100,boosted_trees,Boosted Trees,0.5715825794301931,0.2805290162628579,0.7328629294813214,0.2096015937878445,0.16128035005112829,0.4877659574468085,1880,256.82762810175865,0.3550609401698648,18.8
80008,8,100,0.9,100,boosted_trees,Boosted Trees,0.6737789150038176,0.24745239466283628,0.7986364751495475,0.18239803064104326,0.1248575601457299,0.47140566541956175,1871,211.55698475710557,0.4429109462524082,18.71
80009,9,100,0.9,100,boosted_trees,Boosted Trees,0.5184454009937102,0.2930362426911877,0.6602366255144033,0.2265145231319629,0.14179122452069315,0.4297520661157025,2178,266.9717618342866,0.34447382993022607,21.78
